user_id,action_type,target_type,target_id,result,description,created_at
,first_visit,,166,success,First visit,2024-03-01 15:06:00
61,first_visit,,150,success,First visit,2024-03-01 06:23:00
,first_visit,,72,success,First visit,2024-03-01 01:49:00
78,first_visit,,107,success,First visit,2024-03-01 01:14:00
,first_visit,,160,success,First visit,2024-03-01 01:12:00
2,first_visit,,42,success,First visit,2024-03-01 09:14:00
82,first_visit,,34,success,First visit,2024-03-01 08:12:00
,first_visit,,192,success,First visit,2024-03-01 22:21:00
90,first_visit,,183,success,First visit,2024-03-01 17:08:00
,register,,83,success,User registered,2024-03-01 13:15:00
,register,,43,success,User registered,2024-03-01 17:27:00
,register,,66,success,User registered,2024-03-01 17:06:00
,register,,137,success,User registered,2024-03-01 22:48:00
,register,,140,success,User registered,2024-03-01 23:35:00
,register,,46,success,User registered,2024-03-01 09:18:00
,register,,65,success,User registered,2024-03-01 11:50:00
93,login,,155,success,Login,2024-03-01 04:49:00
26,login,,154,success,Login,2024-03-01 11:41:00
26,login,,100,success,Login,2024-03-01 23:13:00
24,login,,178,success,Login,2024-03-01 01:32:00
,login,,149,success,Login,2024-03-01 14:23:00
68,login,,20,success,Login,2024-03-01 13:47:00
40,login,,174,success,Login,2024-03-01 12:57:00
15,logout,,6,success,Logout,2024-03-01 05:10:00
,logout,,195,success,Logout,2024-03-01 05:42:00
,logout,,16,success,Logout,2024-03-01 13:36:00
26,logout,,77,success,Logout,2024-03-01 06:43:00
,logout,,150,success,Logout,2024-03-01 21:00:00
86,logout,,187,success,Logout,2024-03-01 08:58:00
31,logout,,105,success,Logout,2024-03-01 11:13:00
,logout,,50,success,Logout,2024-03-01 09:23:00
18,create_topic,topic,120,success,Created topic,2024-03-01 06:27:00
83,create_topic,topic,16,success,Created topic,2024-03-01 11:34:00
47,create_topic,topic,182,success,Created topic,2024-03-01 04:47:00
15,create_topic,topic,140,success,Created topic,2024-03-01 18:24:00
76,create_topic,topic,183,success,Created topic,2024-03-01 16:46:00
,visit_topic,topic,31,success,Visit topic,2024-03-01 18:35:00
,visit_topic,topic,197,success,Visit topic,2024-03-01 18:39:00
33,visit_topic,topic,153,success,Visit topic,2024-03-01 11:43:00
98,visit_topic,topic,117,success,Visit topic,2024-03-01 14:22:00
58,visit_topic,topic,187,success,Visit topic,2024-03-01 23:07:00
,visit_topic,topic,134,success,Visit topic,2024-03-01 21:34:00
47,visit_topic,topic,120,success,Visit topic,2024-03-01 22:55:00
,visit_topic,topic,62,success,Visit topic,2024-03-01 03:31:00
,visit_topic,topic,162,success,Visit topic,2024-03-01 21:18:00
27,visit_topic,topic,115,success,Visit topic,2024-03-01 08:38:00
,visit_topic,topic,49,success,Visit topic,2024-03-01 16:17:00
32,visit_topic,topic,91,success,Visit topic,2024-03-01 04:06:00
79,visit_topic,topic,99,success,Visit topic,2024-03-01 05:16:00
64,visit_topic,topic,196,success,Visit topic,2024-03-01 01:08:00
,visit_topic,topic,27,success,Visit topic,2024-03-01 06:59:00
90,delete_topic,topic,68,success,Delete topic,2024-03-01 08:01:00
,delete_topic,topic,144,success,Delete topic,2024-03-01 08:50:00
,delete_topic,topic,197,success,Delete topic,2024-03-01 21:10:00
54,delete_topic,topic,71,success,Delete topic,2024-03-01 16:00:00
32,delete_topic,topic,193,success,Delete topic,2024-03-01 21:49:00
37,delete_topic,topic,134,success,Delete topic,2024-03-01 23:58:00
95,delete_topic,topic,196,success,Delete topic,2024-03-01 16:54:00
38,post_message,message,40,success,Posted message,2024-03-01 09:55:00
88,post_message,message,129,success,Posted message,2024-03-01 16:58:00
22,post_message,message,112,success,Posted message,2024-03-01 02:45:00
9,post_message,message,69,success,Posted message,2024-03-01 19:14:00
35,post_message,message,88,success,Posted message,2024-03-01 15:01:00
77,post_message,message,89,success,Posted message,2024-03-01 03:39:00
81,post_message,message,141,success,Posted message,2024-03-01 01:31:00
50,first_visit,,96,success,First visit,2024-03-02 21:42:00
,first_visit,,126,success,First visit,2024-03-02 22:20:00
87,first_visit,,96,success,First visit,2024-03-02 17:47:00
,first_visit,,83,success,First visit,2024-03-02 09:42:00
,first_visit,,163,success,First visit,2024-03-02 06:33:00
,first_visit,,14,success,First visit,2024-03-02 20:14:00
45,first_visit,,144,success,First visit,2024-03-02 06:17:00
83,first_visit,,163,success,First visit,2024-03-02 14:48:00
,first_visit,,181,success,First visit,2024-03-02 17:32:00
,register,,195,success,User registered,2024-03-02 07:47:00
,register,,115,success,User registered,2024-03-02 02:01:00
,register,,145,success,User registered,2024-03-02 12:44:00
,register,,109,success,User registered,2024-03-02 19:22:00
,register,,2,success,User registered,2024-03-02 02:09:00
,register,,173,success,User registered,2024-03-02 20:14:00
,register,,172,success,User registered,2024-03-02 02:55:00
,login,,82,success,Login,2024-03-02 23:25:00
25,login,,23,success,Login,2024-03-02 08:25:00
,login,,101,success,Login,2024-03-02 09:15:00
93,login,,106,success,Login,2024-03-02 00:50:00
,login,,178,success,Login,2024-03-02 16:30:00
43,login,,184,success,Login,2024-03-02 04:47:00
,login,,56,success,Login,2024-03-02 02:58:00
12,login,,38,success,Login,2024-03-02 11:03:00
45,login,,87,success,Login,2024-03-02 09:41:00
61,login,,161,success,Login,2024-03-02 20:55:00
,login,,73,success,Login,2024-03-02 12:34:00
,login,,130,success,Login,2024-03-02 19:07:00
31,logout,,154,success,Logout,2024-03-02 23:05:00
,logout,,39,success,Logout,2024-03-02 19:27:00
,logout,,157,success,Logout,2024-03-02 08:58:00
,logout,,50,success,Logout,2024-03-02 00:33:00
,logout,,132,success,Logout,2024-03-02 13:43:00
12,logout,,26,success,Logout,2024-03-02 00:20:00
,logout,,42,success,Logout,2024-03-02 08:21:00
81,create_topic,topic,170,success,Created topic,2024-03-02 05:15:00
48,create_topic,topic,159,success,Created topic,2024-03-02 02:19:00
1,create_topic,topic,39,success,Created topic,2024-03-02 17:55:00
12,create_topic,topic,135,success,Created topic,2024-03-02 04:22:00
10,create_topic,topic,116,success,Created topic,2024-03-02 22:57:00
4,create_topic,topic,19,success,Created topic,2024-03-02 04:19:00
93,visit_topic,topic,134,success,Visit topic,2024-03-02 02:38:00
12,visit_topic,topic,14,success,Visit topic,2024-03-02 23:14:00
64,visit_topic,topic,8,success,Visit topic,2024-03-02 00:14:00
41,visit_topic,topic,119,success,Visit topic,2024-03-02 08:32:00
,visit_topic,topic,155,success,Visit topic,2024-03-02 11:26:00
,visit_topic,topic,37,success,Visit topic,2024-03-02 02:51:00
22,visit_topic,topic,98,success,Visit topic,2024-03-02 11:23:00
,visit_topic,topic,136,success,Visit topic,2024-03-02 01:54:00
2,visit_topic,topic,33,success,Visit topic,2024-03-02 19:49:00
87,delete_topic,topic,95,success,Delete topic,2024-03-02 22:29:00
,delete_topic,topic,166,success,Delete topic,2024-03-02 04:55:00
,delete_topic,topic,103,success,Delete topic,2024-03-02 16:30:00
81,delete_topic,topic,107,success,Delete topic,2024-03-02 21:39:00
,delete_topic,topic,18,success,Delete topic,2024-03-02 20:15:00
,delete_topic,topic,57,success,Delete topic,2024-03-02 01:14:00
64,delete_topic,topic,81,success,Delete topic,2024-03-02 04:36:00
,delete_topic,topic,99,success,Delete topic,2024-03-02 10:46:00
,delete_topic,topic,158,success,Delete topic,2024-03-02 02:08:00
,delete_topic,topic,9,success,Delete topic,2024-03-02 23:27:00
21,delete_topic,topic,197,success,Delete topic,2024-03-02 15:40:00
,delete_topic,topic,41,success,Delete topic,2024-03-02 05:54:00
15,post_message,message,10,success,Posted message,2024-03-02 10:24:00
40,post_message,message,105,success,Posted message,2024-03-02 19:53:00
52,post_message,message,175,success,Posted message,2024-03-02 04:55:00
4,post_message,message,47,success,Posted message,2024-03-02 05:28:00
31,post_message,message,2,success,Posted message,2024-03-02 07:56:00
,first_visit,,36,success,First visit,2024-03-03 06:39:00
15,first_visit,,65,success,First visit,2024-03-03 21:28:00
,first_visit,,172,success,First visit,2024-03-03 13:19:00
14,first_visit,,182,success,First visit,2024-03-03 15:08:00
47,first_visit,,106,success,First visit,2024-03-03 05:46:00
100,first_visit,,19,success,First visit,2024-03-03 14:56:00
,first_visit,,144,success,First visit,2024-03-03 03:23:00
,first_visit,,152,success,First visit,2024-03-03 12:02:00
,first_visit,,27,success,First visit,2024-03-03 18:15:00
,first_visit,,115,success,First visit,2024-03-03 23:28:00
,first_visit,,173,success,First visit,2024-03-03 05:18:00
,first_visit,,179,success,First visit,2024-03-03 05:03:00
,first_visit,,130,success,First visit,2024-03-03 18:13:00
,register,,66,success,User registered,2024-03-03 14:58:00
,register,,99,success,User registered,2024-03-03 04:23:00
,register,,125,success,User registered,2024-03-03 23:14:00
,register,,107,success,User registered,2024-03-03 16:28:00
,register,,125,success,User registered,2024-03-03 03:44:00
,register,,166,success,User registered,2024-03-03 09:11:00
,register,,44,success,User registered,2024-03-03 00:11:00
,register,,139,success,User registered,2024-03-03 16:38:00
,register,,108,success,User registered,2024-03-03 09:58:00
,register,,55,success,User registered,2024-03-03 02:35:00
,register,,149,success,User registered,2024-03-03 11:19:00
,register,,93,success,User registered,2024-03-03 23:32:00
,register,,138,success,User registered,2024-03-03 16:47:00
,register,,149,success,User registered,2024-03-03 19:06:00
,register,,36,success,User registered,2024-03-03 13:59:00
79,login,,78,success,Login,2024-03-03 16:26:00
,login,,158,success,Login,2024-03-03 11:45:00
95,login,,59,success,Login,2024-03-03 08:37:00
,login,,125,success,Login,2024-03-03 16:46:00
29,login,,56,success,Login,2024-03-03 13:27:00
,login,,125,success,Login,2024-03-03 22:38:00
55,login,,44,success,Login,2024-03-03 20:19:00
25,login,,33,success,Login,2024-03-03 20:50:00
43,login,,101,success,Login,2024-03-03 17:30:00
43,login,,20,success,Login,2024-03-03 04:03:00
19,login,,163,success,Login,2024-03-03 13:03:00
,login,,181,success,Login,2024-03-03 10:44:00
,login,,19,success,Login,2024-03-03 09:37:00
99,login,,169,success,Login,2024-03-03 15:53:00
,logout,,8,success,Logout,2024-03-03 13:41:00
,logout,,148,success,Logout,2024-03-03 07:19:00
19,logout,,170,success,Logout,2024-03-03 00:16:00
41,logout,,91,success,Logout,2024-03-03 08:01:00
51,logout,,41,success,Logout,2024-03-03 00:31:00
95,logout,,108,success,Logout,2024-03-03 05:11:00
64,logout,,120,success,Logout,2024-03-03 04:29:00
,logout,,62,success,Logout,2024-03-03 15:03:00
99,logout,,59,success,Logout,2024-03-03 08:21:00
,logout,,138,success,Logout,2024-03-03 07:21:00
18,create_topic,topic,99,success,Created topic,2024-03-03 10:30:00
74,create_topic,topic,113,success,Created topic,2024-03-03 07:33:00
54,create_topic,topic,168,success,Created topic,2024-03-03 20:21:00
,create_topic,topic,23,error,Error: not logged in,2024-03-03 16:27:00
67,create_topic,topic,198,success,Created topic,2024-03-03 00:48:00
100,create_topic,topic,136,success,Created topic,2024-03-03 09:35:00
76,create_topic,topic,156,success,Created topic,2024-03-03 11:58:00
,visit_topic,topic,11,success,Visit topic,2024-03-03 05:33:00
36,visit_topic,topic,82,success,Visit topic,2024-03-03 12:18:00
,visit_topic,topic,128,success,Visit topic,2024-03-03 14:17:00
71,visit_topic,topic,5,success,Visit topic,2024-03-03 03:12:00
,visit_topic,topic,128,success,Visit topic,2024-03-03 06:01:00
55,visit_topic,topic,34,success,Visit topic,2024-03-03 08:51:00
,visit_topic,topic,113,success,Visit topic,2024-03-03 05:57:00
,visit_topic,topic,149,success,Visit topic,2024-03-03 22:37:00
,visit_topic,topic,134,success,Visit topic,2024-03-03 10:21:00
,delete_topic,topic,53,success,Delete topic,2024-03-03 04:42:00
81,delete_topic,topic,42,success,Delete topic,2024-03-03 12:23:00
67,delete_topic,topic,133,success,Delete topic,2024-03-03 21:34:00
,delete_topic,topic,31,success,Delete topic,2024-03-03 12:19:00
11,delete_topic,topic,150,success,Delete topic,2024-03-03 09:44:00
,delete_topic,topic,2,success,Delete topic,2024-03-03 14:30:00
46,delete_topic,topic,176,success,Delete topic,2024-03-03 21:49:00
,delete_topic,topic,53,success,Delete topic,2024-03-03 21:18:00
,delete_topic,topic,109,success,Delete topic,2024-03-03 23:38:00
,delete_topic,topic,49,success,Delete topic,2024-03-03 18:02:00
,delete_topic,topic,126,success,Delete topic,2024-03-03 00:48:00
87,post_message,message,94,success,Posted message,2024-03-03 01:05:00
20,post_message,message,89,success,Posted message,2024-03-03 05:33:00
85,post_message,message,92,success,Posted message,2024-03-03 08:50:00
12,post_message,message,155,success,Posted message,2024-03-03 23:09:00
15,post_message,message,108,success,Posted message,2024-03-03 02:13:00
90,post_message,message,184,success,Posted message,2024-03-03 03:39:00
81,post_message,message,169,success,Posted message,2024-03-03 19:25:00
16,post_message,message,103,success,Posted message,2024-03-03 13:06:00
10,post_message,message,167,success,Posted message,2024-03-03 22:01:00
87,post_message,message,35,success,Posted message,2024-03-03 09:08:00
76,post_message,message,160,success,Posted message,2024-03-03 10:58:00
69,post_message,message,141,success,Posted message,2024-03-03 14:20:00
43,post_message,message,190,success,Posted message,2024-03-03 16:11:00
64,post_message,message,81,success,Posted message,2024-03-03 15:49:00
,first_visit,,176,success,First visit,2024-03-04 22:14:00
,first_visit,,126,success,First visit,2024-03-04 05:59:00
32,first_visit,,69,success,First visit,2024-03-04 16:21:00
14,first_visit,,144,success,First visit,2024-03-04 15:10:00
22,first_visit,,149,success,First visit,2024-03-04 00:38:00
,first_visit,,19,success,First visit,2024-03-04 07:44:00
29,first_visit,,94,success,First visit,2024-03-04 00:32:00
,first_visit,,35,success,First visit,2024-03-04 15:08:00
52,first_visit,,60,success,First visit,2024-03-04 15:36:00
62,first_visit,,119,success,First visit,2024-03-04 08:34:00
21,first_visit,,165,success,First visit,2024-03-04 21:39:00
16,first_visit,,25,success,First visit,2024-03-04 00:54:00
,first_visit,,64,success,First visit,2024-03-04 15:58:00
71,first_visit,,82,success,First visit,2024-03-04 21:13:00
,register,,164,success,User registered,2024-03-04 02:24:00
,register,,187,success,User registered,2024-03-04 04:51:00
,register,,95,success,User registered,2024-03-04 03:40:00
,register,,156,success,User registered,2024-03-04 11:33:00
,register,,89,success,User registered,2024-03-04 19:13:00
,register,,2,success,User registered,2024-03-04 19:27:00
12,login,,33,success,Login,2024-03-04 10:15:00
70,login,,59,success,Login,2024-03-04 05:48:00
,login,,105,success,Login,2024-03-04 23:30:00
,login,,189,success,Login,2024-03-04 19:03:00
51,login,,52,success,Login,2024-03-04 08:03:00
,login,,5,success,Login,2024-03-04 04:54:00
,logout,,63,success,Logout,2024-03-04 06:10:00
53,logout,,123,success,Logout,2024-03-04 22:00:00
75,logout,,65,success,Logout,2024-03-04 01:29:00
84,logout,,18,success,Logout,2024-03-04 09:12:00
,logout,,71,success,Logout,2024-03-04 01:08:00
,logout,,49,success,Logout,2024-03-04 12:07:00
,logout,,9,success,Logout,2024-03-04 06:35:00
3,logout,,2,success,Logout,2024-03-04 17:08:00
47,logout,,88,success,Logout,2024-03-04 01:47:00
81,logout,,104,success,Logout,2024-03-04 22:54:00
,logout,,29,success,Logout,2024-03-04 20:38:00
,logout,,125,success,Logout,2024-03-04 22:29:00
14,logout,,107,success,Logout,2024-03-04 03:38:00
,logout,,39,success,Logout,2024-03-04 20:37:00
,logout,,145,success,Logout,2024-03-04 18:37:00
94,create_topic,topic,38,success,Created topic,2024-03-04 15:37:00
89,create_topic,topic,186,success,Created topic,2024-03-04 15:06:00
83,create_topic,topic,84,success,Created topic,2024-03-04 16:16:00
50,create_topic,topic,177,success,Created topic,2024-03-04 15:16:00
73,create_topic,topic,115,success,Created topic,2024-03-04 16:50:00
50,create_topic,topic,84,success,Created topic,2024-03-04 07:00:00
11,create_topic,topic,174,success,Created topic,2024-03-04 07:34:00
,visit_topic,topic,24,success,Visit topic,2024-03-04 19:46:00
,visit_topic,topic,141,success,Visit topic,2024-03-04 21:27:00
,visit_topic,topic,128,success,Visit topic,2024-03-04 06:20:00
,visit_topic,topic,18,success,Visit topic,2024-03-04 06:02:00
36,visit_topic,topic,61,success,Visit topic,2024-03-04 21:01:00
,visit_topic,topic,47,success,Visit topic,2024-03-04 02:50:00
,visit_topic,topic,155,success,Visit topic,2024-03-04 01:20:00
24,visit_topic,topic,96,success,Visit topic,2024-03-04 13:06:00
,visit_topic,topic,193,success,Visit topic,2024-03-04 01:04:00
36,visit_topic,topic,59,success,Visit topic,2024-03-04 18:30:00
39,visit_topic,topic,169,success,Visit topic,2024-03-04 14:35:00
,visit_topic,topic,53,success,Visit topic,2024-03-04 17:32:00
93,delete_topic,topic,159,success,Delete topic,2024-03-04 04:06:00
,delete_topic,topic,158,success,Delete topic,2024-03-04 00:25:00
,delete_topic,topic,24,success,Delete topic,2024-03-04 12:01:00
33,delete_topic,topic,6,success,Delete topic,2024-03-04 14:26:00
27,delete_topic,topic,69,success,Delete topic,2024-03-04 18:16:00
,delete_topic,topic,90,success,Delete topic,2024-03-04 00:07:00
,delete_topic,topic,44,success,Delete topic,2024-03-04 00:12:00
24,post_message,message,195,success,Posted message,2024-03-04 19:52:00
99,post_message,message,143,success,Posted message,2024-03-04 15:07:00
14,post_message,message,84,success,Posted message,2024-03-04 18:55:00
36,post_message,message,117,success,Posted message,2024-03-04 13:04:00
26,post_message,message,53,success,Posted message,2024-03-04 20:29:00
65,post_message,message,116,success,Posted message,2024-03-04 09:14:00
98,post_message,message,25,success,Posted message,2024-03-04 06:06:00
73,post_message,message,5,success,Posted message,2024-03-04 00:00:00
73,post_message,message,169,success,Posted message,2024-03-04 19:43:00
22,post_message,message,162,success,Posted message,2024-03-04 02:37:00
8,first_visit,,48,success,First visit,2024-03-05 23:05:00
88,first_visit,,136,success,First visit,2024-03-05 21:11:00
4,first_visit,,53,success,First visit,2024-03-05 12:15:00
41,first_visit,,25,success,First visit,2024-03-05 15:39:00
95,first_visit,,155,success,First visit,2024-03-05 17:46:00
,first_visit,,36,success,First visit,2024-03-05 05:48:00
,first_visit,,24,success,First visit,2024-03-05 00:41:00
,register,,128,success,User registered,2024-03-05 07:31:00
,register,,36,success,User registered,2024-03-05 11:11:00
,register,,47,success,User registered,2024-03-05 15:55:00
,register,,157,success,User registered,2024-03-05 06:41:00
,register,,178,success,User registered,2024-03-05 04:50:00
,login,,45,success,Login,2024-03-05 00:28:00
27,login,,90,success,Login,2024-03-05 15:10:00
56,login,,60,success,Login,2024-03-05 00:35:00
,login,,134,success,Login,2024-03-05 10:12:00
,login,,75,success,Login,2024-03-05 23:10:00
,login,,48,success,Login,2024-03-05 10:25:00
41,login,,124,success,Login,2024-03-05 02:03:00
,login,,177,success,Login,2024-03-05 10:08:00
39,login,,191,success,Login,2024-03-05 09:59:00
,login,,177,success,Login,2024-03-05 11:08:00
59,login,,39,success,Login,2024-03-05 21:06:00
78,logout,,112,success,Logout,2024-03-05 06:56:00
21,logout,,28,success,Logout,2024-03-05 14:20:00
,logout,,3,success,Logout,2024-03-05 23:14:00
,logout,,148,success,Logout,2024-03-05 08:51:00
31,logout,,163,success,Logout,2024-03-05 20:36:00
3,create_topic,topic,98,success,Created topic,2024-03-05 20:37:00
78,create_topic,topic,101,success,Created topic,2024-03-05 03:08:00
7,create_topic,topic,65,success,Created topic,2024-03-05 22:18:00
,create_topic,topic,72,error,Error: not logged in,2024-03-05 14:38:00
7,create_topic,topic,102,success,Created topic,2024-03-05 08:29:00
95,create_topic,topic,37,success,Created topic,2024-03-05 19:45:00
22,create_topic,topic,53,success,Created topic,2024-03-05 04:43:00
10,create_topic,topic,14,success,Created topic,2024-03-05 10:07:00
47,create_topic,topic,111,success,Created topic,2024-03-05 04:01:00
1,create_topic,topic,143,success,Created topic,2024-03-05 18:20:00
66,create_topic,topic,132,success,Created topic,2024-03-05 08:48:00
58,create_topic,topic,14,success,Created topic,2024-03-05 10:29:00
13,create_topic,topic,159,success,Created topic,2024-03-05 03:52:00
51,create_topic,topic,29,success,Created topic,2024-03-05 05:42:00
,visit_topic,topic,42,success,Visit topic,2024-03-05 07:16:00
,visit_topic,topic,121,success,Visit topic,2024-03-05 01:59:00
,visit_topic,topic,51,success,Visit topic,2024-03-05 13:59:00
,visit_topic,topic,151,success,Visit topic,2024-03-05 00:28:00
77,visit_topic,topic,1,success,Visit topic,2024-03-05 04:48:00
90,visit_topic,topic,180,success,Visit topic,2024-03-05 17:13:00
,visit_topic,topic,129,success,Visit topic,2024-03-05 20:25:00
,visit_topic,topic,180,success,Visit topic,2024-03-05 04:07:00
,visit_topic,topic,122,success,Visit topic,2024-03-05 15:16:00
,visit_topic,topic,54,success,Visit topic,2024-03-05 00:02:00
,visit_topic,topic,112,success,Visit topic,2024-03-05 05:25:00
,visit_topic,topic,17,success,Visit topic,2024-03-05 09:53:00
32,visit_topic,topic,112,success,Visit topic,2024-03-05 04:06:00
58,visit_topic,topic,127,success,Visit topic,2024-03-05 23:06:00
,delete_topic,topic,188,success,Delete topic,2024-03-05 17:49:00
68,delete_topic,topic,178,success,Delete topic,2024-03-05 16:39:00
,delete_topic,topic,151,success,Delete topic,2024-03-05 13:50:00
12,delete_topic,topic,193,success,Delete topic,2024-03-05 18:32:00
,delete_topic,topic,38,success,Delete topic,2024-03-05 08:18:00
2,post_message,message,124,success,Posted message,2024-03-05 09:05:00
93,post_message,message,154,success,Posted message,2024-03-05 11:53:00
57,post_message,message,104,success,Posted message,2024-03-05 17:34:00
31,post_message,message,2,success,Posted message,2024-03-05 02:30:00
62,post_message,message,25,success,Posted message,2024-03-05 01:38:00
76,post_message,message,25,success,Posted message,2024-03-05 01:04:00
68,post_message,message,2,success,Posted message,2024-03-05 12:41:00
57,post_message,message,138,success,Posted message,2024-03-05 17:52:00
83,post_message,message,58,success,Posted message,2024-03-05 08:02:00
72,post_message,message,72,success,Posted message,2024-03-05 08:35:00
66,post_message,message,94,success,Posted message,2024-03-05 22:32:00
77,first_visit,,107,success,First visit,2024-03-06 23:00:00
,first_visit,,193,success,First visit,2024-03-06 23:51:00
,first_visit,,149,success,First visit,2024-03-06 16:43:00
48,first_visit,,94,success,First visit,2024-03-06 05:26:00
,first_visit,,191,success,First visit,2024-03-06 18:44:00
,first_visit,,193,success,First visit,2024-03-06 11:14:00
,first_visit,,156,success,First visit,2024-03-06 22:30:00
,first_visit,,51,success,First visit,2024-03-06 06:44:00
86,first_visit,,190,success,First visit,2024-03-06 04:17:00
54,first_visit,,39,success,First visit,2024-03-06 01:47:00
90,first_visit,,125,success,First visit,2024-03-06 18:06:00
,register,,59,success,User registered,2024-03-06 17:39:00
,register,,19,success,User registered,2024-03-06 19:27:00
,register,,50,success,User registered,2024-03-06 00:28:00
,register,,126,success,User registered,2024-03-06 11:36:00
,register,,194,success,User registered,2024-03-06 00:50:00
,register,,8,success,User registered,2024-03-06 14:29:00
,register,,82,success,User registered,2024-03-06 03:19:00
,register,,186,success,User registered,2024-03-06 00:50:00
,register,,17,success,User registered,2024-03-06 05:19:00
,register,,139,success,User registered,2024-03-06 18:00:00
6,login,,133,success,Login,2024-03-06 07:23:00
,login,,173,success,Login,2024-03-06 08:03:00
75,login,,71,success,Login,2024-03-06 06:51:00
29,login,,133,success,Login,2024-03-06 20:55:00
47,login,,78,success,Login,2024-03-06 08:00:00
,login,,80,success,Login,2024-03-06 10:14:00
45,login,,165,success,Login,2024-03-06 02:05:00
70,login,,147,success,Login,2024-03-06 05:39:00
,login,,178,success,Login,2024-03-06 05:04:00
,logout,,145,success,Logout,2024-03-06 23:13:00
94,logout,,78,success,Logout,2024-03-06 18:56:00
61,logout,,49,success,Logout,2024-03-06 07:45:00
,logout,,1,success,Logout,2024-03-06 10:20:00
84,logout,,99,success,Logout,2024-03-06 14:16:00
57,logout,,148,success,Logout,2024-03-06 11:35:00
,logout,,127,success,Logout,2024-03-06 17:43:00
39,logout,,28,success,Logout,2024-03-06 16:41:00
83,logout,,107,success,Logout,2024-03-06 15:55:00
,logout,,15,success,Logout,2024-03-06 06:51:00
,logout,,180,success,Logout,2024-03-06 15:51:00
66,logout,,57,success,Logout,2024-03-06 14:03:00
53,create_topic,topic,99,success,Created topic,2024-03-06 15:19:00
62,create_topic,topic,139,success,Created topic,2024-03-06 20:14:00
28,create_topic,topic,68,success,Created topic,2024-03-06 07:12:00
30,create_topic,topic,149,success,Created topic,2024-03-06 13:12:00
7,create_topic,topic,159,success,Created topic,2024-03-06 11:14:00
21,create_topic,topic,197,success,Created topic,2024-03-06 15:08:00
27,create_topic,topic,13,success,Created topic,2024-03-06 17:06:00
,visit_topic,topic,186,success,Visit topic,2024-03-06 04:52:00
,visit_topic,topic,164,success,Visit topic,2024-03-06 13:58:00
21,visit_topic,topic,116,success,Visit topic,2024-03-06 00:06:00
,visit_topic,topic,166,success,Visit topic,2024-03-06 01:03:00
11,visit_topic,topic,72,success,Visit topic,2024-03-06 08:01:00
,visit_topic,topic,142,success,Visit topic,2024-03-06 21:20:00
12,delete_topic,topic,104,success,Delete topic,2024-03-06 03:43:00
44,delete_topic,topic,191,success,Delete topic,2024-03-06 18:25:00
19,delete_topic,topic,136,success,Delete topic,2024-03-06 18:11:00
,delete_topic,topic,171,success,Delete topic,2024-03-06 22:42:00
77,delete_topic,topic,29,success,Delete topic,2024-03-06 17:14:00
,delete_topic,topic,153,success,Delete topic,2024-03-06 13:41:00
,delete_topic,topic,157,success,Delete topic,2024-03-06 21:40:00
20,delete_topic,topic,78,success,Delete topic,2024-03-06 06:19:00
72,delete_topic,topic,78,success,Delete topic,2024-03-06 03:56:00
82,delete_topic,topic,4,success,Delete topic,2024-03-06 23:20:00
24,delete_topic,topic,166,success,Delete topic,2024-03-06 11:35:00
,delete_topic,topic,180,success,Delete topic,2024-03-06 13:19:00
32,delete_topic,topic,72,success,Delete topic,2024-03-06 17:51:00
,delete_topic,topic,91,success,Delete topic,2024-03-06 19:10:00
1,delete_topic,topic,52,success,Delete topic,2024-03-06 02:58:00
46,post_message,message,173,success,Posted message,2024-03-06 05:30:00
11,post_message,message,44,success,Posted message,2024-03-06 04:20:00
41,post_message,message,80,success,Posted message,2024-03-06 04:57:00
64,post_message,message,13,success,Posted message,2024-03-06 03:47:00
36,post_message,message,73,success,Posted message,2024-03-06 11:50:00
92,post_message,message,120,success,Posted message,2024-03-06 08:49:00
75,post_message,message,28,success,Posted message,2024-03-06 10:33:00
78,post_message,message,168,success,Posted message,2024-03-06 03:41:00
84,post_message,message,108,success,Posted message,2024-03-06 16:29:00
44,post_message,message,67,success,Posted message,2024-03-06 15:08:00
34,post_message,message,118,success,Posted message,2024-03-06 01:36:00
55,post_message,message,9,success,Posted message,2024-03-06 02:31:00
15,post_message,message,118,success,Posted message,2024-03-06 20:27:00
3,post_message,message,54,success,Posted message,2024-03-06 15:51:00
,first_visit,,95,success,First visit,2024-03-07 08:25:00
,first_visit,,163,success,First visit,2024-03-07 16:24:00
56,first_visit,,160,success,First visit,2024-03-07 01:09:00
,first_visit,,168,success,First visit,2024-03-07 12:30:00
99,first_visit,,130,success,First visit,2024-03-07 00:24:00
,first_visit,,19,success,First visit,2024-03-07 03:16:00
,first_visit,,112,success,First visit,2024-03-07 05:07:00
,first_visit,,92,success,First visit,2024-03-07 11:24:00
,first_visit,,146,success,First visit,2024-03-07 16:35:00
,first_visit,,27,success,First visit,2024-03-07 19:50:00
,first_visit,,191,success,First visit,2024-03-07 14:03:00
82,first_visit,,1,success,First visit,2024-03-07 05:15:00
,first_visit,,149,success,First visit,2024-03-07 08:35:00
68,first_visit,,11,success,First visit,2024-03-07 03:30:00
3,first_visit,,112,success,First visit,2024-03-07 04:52:00
,register,,111,success,User registered,2024-03-07 07:29:00
,register,,53,success,User registered,2024-03-07 01:39:00
,register,,92,success,User registered,2024-03-07 01:14:00
,register,,156,success,User registered,2024-03-07 04:06:00
,register,,200,success,User registered,2024-03-07 22:23:00
,register,,49,success,User registered,2024-03-07 06:41:00
,register,,188,success,User registered,2024-03-07 05:06:00
,register,,26,success,User registered,2024-03-07 23:53:00
,register,,86,success,User registered,2024-03-07 01:43:00
,register,,28,success,User registered,2024-03-07 10:45:00
,register,,143,success,User registered,2024-03-07 12:26:00
,register,,151,success,User registered,2024-03-07 23:29:00
,login,,48,success,Login,2024-03-07 23:22:00
,login,,76,success,Login,2024-03-07 19:09:00
,login,,145,success,Login,2024-03-07 15:04:00
,login,,30,success,Login,2024-03-07 10:09:00
,login,,97,success,Login,2024-03-07 17:00:00
,login,,11,success,Login,2024-03-07 18:08:00
,login,,63,success,Login,2024-03-07 08:00:00
93,logout,,57,success,Logout,2024-03-07 18:46:00
,logout,,5,success,Logout,2024-03-07 21:05:00
21,logout,,112,success,Logout,2024-03-07 23:39:00
,logout,,7,success,Logout,2024-03-07 22:02:00
,logout,,55,success,Logout,2024-03-07 11:50:00
,logout,,11,success,Logout,2024-03-07 20:27:00
39,logout,,108,success,Logout,2024-03-07 05:22:00
32,logout,,122,success,Logout,2024-03-07 15:00:00
87,logout,,1,success,Logout,2024-03-07 00:00:00
31,logout,,192,success,Logout,2024-03-07 01:45:00
52,logout,,196,success,Logout,2024-03-07 21:28:00
100,logout,,132,success,Logout,2024-03-07 15:47:00
35,create_topic,topic,102,success,Created topic,2024-03-07 09:10:00
78,create_topic,topic,198,success,Created topic,2024-03-07 20:47:00
14,create_topic,topic,104,success,Created topic,2024-03-07 18:42:00
1,create_topic,topic,107,success,Created topic,2024-03-07 18:10:00
99,create_topic,topic,75,success,Created topic,2024-03-07 17:54:00
15,create_topic,topic,91,success,Created topic,2024-03-07 23:25:00
15,create_topic,topic,51,success,Created topic,2024-03-07 15:27:00
13,create_topic,topic,183,success,Created topic,2024-03-07 03:57:00
64,create_topic,topic,7,success,Created topic,2024-03-07 14:09:00
48,create_topic,topic,84,success,Created topic,2024-03-07 04:21:00
4,create_topic,topic,115,success,Created topic,2024-03-07 21:22:00
58,create_topic,topic,100,success,Created topic,2024-03-07 09:44:00
95,create_topic,topic,75,success,Created topic,2024-03-07 21:38:00
90,create_topic,topic,15,success,Created topic,2024-03-07 04:36:00
7,create_topic,topic,45,success,Created topic,2024-03-07 11:53:00
3,visit_topic,topic,193,success,Visit topic,2024-03-07 21:42:00
,visit_topic,topic,149,success,Visit topic,2024-03-07 07:51:00
47,visit_topic,topic,193,success,Visit topic,2024-03-07 15:06:00
5,visit_topic,topic,169,success,Visit topic,2024-03-07 04:27:00
,visit_topic,topic,53,success,Visit topic,2024-03-07 07:26:00
,visit_topic,topic,44,success,Visit topic,2024-03-07 10:45:00
22,visit_topic,topic,60,success,Visit topic,2024-03-07 19:05:00
,visit_topic,topic,125,success,Visit topic,2024-03-07 00:25:00
24,visit_topic,topic,124,success,Visit topic,2024-03-07 09:01:00
23,visit_topic,topic,91,success,Visit topic,2024-03-07 04:56:00
42,delete_topic,topic,145,success,Delete topic,2024-03-07 23:43:00
,delete_topic,topic,145,success,Delete topic,2024-03-07 07:06:00
60,delete_topic,topic,18,success,Delete topic,2024-03-07 03:11:00
26,delete_topic,topic,107,success,Delete topic,2024-03-07 20:42:00
89,delete_topic,topic,133,success,Delete topic,2024-03-07 08:12:00
41,delete_topic,topic,152,success,Delete topic,2024-03-07 00:59:00
,delete_topic,topic,127,success,Delete topic,2024-03-07 09:21:00
88,delete_topic,topic,107,success,Delete topic,2024-03-07 17:30:00
21,delete_topic,topic,13,success,Delete topic,2024-03-07 20:59:00
5,post_message,message,118,success,Posted message,2024-03-07 23:36:00
23,post_message,message,88,success,Posted message,2024-03-07 20:59:00
43,post_message,message,79,success,Posted message,2024-03-07 09:20:00
75,post_message,message,188,success,Posted message,2024-03-07 06:07:00
35,post_message,message,200,success,Posted message,2024-03-07 16:22:00
44,post_message,message,139,success,Posted message,2024-03-07 14:08:00
37,post_message,message,181,success,Posted message,2024-03-07 14:08:00
26,post_message,message,164,success,Posted message,2024-03-07 12:21:00
64,post_message,message,160,success,Posted message,2024-03-07 09:12:00
77,post_message,message,45,success,Posted message,2024-03-07 15:52:00
18,post_message,message,170,success,Posted message,2024-03-07 14:34:00
29,post_message,message,169,success,Posted message,2024-03-07 22:03:00
,first_visit,,166,success,First visit,2024-03-08 07:03:00
,first_visit,,85,success,First visit,2024-03-08 13:19:00
,first_visit,,183,success,First visit,2024-03-08 03:29:00
9,first_visit,,99,success,First visit,2024-03-08 02:56:00
62,first_visit,,108,success,First visit,2024-03-08 22:53:00
16,first_visit,,102,success,First visit,2024-03-08 14:09:00
,first_visit,,171,success,First visit,2024-03-08 11:19:00
,first_visit,,182,success,First visit,2024-03-08 06:34:00
,first_visit,,40,success,First visit,2024-03-08 15:59:00
,first_visit,,136,success,First visit,2024-03-08 07:17:00
82,first_visit,,116,success,First visit,2024-03-08 08:36:00
100,first_visit,,21,success,First visit,2024-03-08 19:57:00
88,first_visit,,111,success,First visit,2024-03-08 14:37:00
,first_visit,,144,success,First visit,2024-03-08 22:52:00
,first_visit,,37,success,First visit,2024-03-08 04:31:00
,register,,127,success,User registered,2024-03-08 09:24:00
,register,,110,success,User registered,2024-03-08 12:48:00
,register,,2,success,User registered,2024-03-08 04:30:00
,register,,200,success,User registered,2024-03-08 05:38:00
,register,,125,success,User registered,2024-03-08 09:42:00
,register,,16,success,User registered,2024-03-08 23:46:00
,register,,132,success,User registered,2024-03-08 10:51:00
,register,,40,success,User registered,2024-03-08 12:11:00
,register,,196,success,User registered,2024-03-08 19:27:00
,register,,170,success,User registered,2024-03-08 18:31:00
,register,,197,success,User registered,2024-03-08 10:09:00
,register,,141,success,User registered,2024-03-08 12:45:00
,register,,53,success,User registered,2024-03-08 15:04:00
,login,,187,success,Login,2024-03-08 22:09:00
41,login,,73,success,Login,2024-03-08 14:03:00
,login,,17,success,Login,2024-03-08 12:41:00
,login,,139,success,Login,2024-03-08 21:42:00
,login,,137,success,Login,2024-03-08 07:31:00
15,login,,86,success,Login,2024-03-08 00:12:00
25,login,,35,success,Login,2024-03-08 02:29:00
43,login,,33,success,Login,2024-03-08 21:46:00
,login,,124,success,Login,2024-03-08 16:12:00
51,login,,6,success,Login,2024-03-08 11:32:00
,login,,159,success,Login,2024-03-08 12:55:00
,login,,3,success,Login,2024-03-08 17:45:00
,login,,111,success,Login,2024-03-08 02:34:00
,logout,,119,success,Logout,2024-03-08 15:48:00
,logout,,30,success,Logout,2024-03-08 12:30:00
,logout,,81,success,Logout,2024-03-08 05:45:00
,logout,,99,success,Logout,2024-03-08 04:42:00
48,logout,,132,success,Logout,2024-03-08 18:56:00
,logout,,86,success,Logout,2024-03-08 22:07:00
91,logout,,91,success,Logout,2024-03-08 04:05:00
67,logout,,116,success,Logout,2024-03-08 23:52:00
97,logout,,19,success,Logout,2024-03-08 13:09:00
93,logout,,123,success,Logout,2024-03-08 17:16:00
70,logout,,19,success,Logout,2024-03-08 04:08:00
,logout,,161,success,Logout,2024-03-08 00:02:00
38,create_topic,topic,198,success,Created topic,2024-03-08 07:31:00
33,create_topic,topic,139,success,Created topic,2024-03-08 07:07:00
64,create_topic,topic,11,success,Created topic,2024-03-08 12:44:00
67,create_topic,topic,200,success,Created topic,2024-03-08 04:48:00
78,create_topic,topic,101,success,Created topic,2024-03-08 12:57:00
30,create_topic,topic,90,success,Created topic,2024-03-08 02:06:00
6,create_topic,topic,57,success,Created topic,2024-03-08 16:25:00
7,create_topic,topic,126,success,Created topic,2024-03-08 13:32:00
99,create_topic,topic,49,success,Created topic,2024-03-08 00:38:00
98,create_topic,topic,23,success,Created topic,2024-03-08 23:54:00
53,create_topic,topic,82,success,Created topic,2024-03-08 18:08:00
86,create_topic,topic,137,success,Created topic,2024-03-08 04:34:00
,create_topic,topic,135,error,Error: not logged in,2024-03-08 15:25:00
51,create_topic,topic,56,success,Created topic,2024-03-08 19:08:00
63,create_topic,topic,95,success,Created topic,2024-03-08 00:47:00
,visit_topic,topic,171,success,Visit topic,2024-03-08 15:28:00
31,visit_topic,topic,182,success,Visit topic,2024-03-08 21:05:00
62,visit_topic,topic,115,success,Visit topic,2024-03-08 08:34:00
67,visit_topic,topic,165,success,Visit topic,2024-03-08 06:35:00
16,visit_topic,topic,51,success,Visit topic,2024-03-08 13:48:00
,visit_topic,topic,125,success,Visit topic,2024-03-08 00:35:00
97,visit_topic,topic,104,success,Visit topic,2024-03-08 11:12:00
59,delete_topic,topic,165,success,Delete topic,2024-03-08 20:51:00
,delete_topic,topic,178,success,Delete topic,2024-03-08 05:20:00
,delete_topic,topic,166,success,Delete topic,2024-03-08 14:01:00
71,delete_topic,topic,47,success,Delete topic,2024-03-08 01:30:00
20,delete_topic,topic,101,success,Delete topic,2024-03-08 15:31:00
60,post_message,message,120,success,Posted message,2024-03-08 03:22:00
30,post_message,message,189,success,Posted message,2024-03-08 18:14:00
87,post_message,message,181,success,Posted message,2024-03-08 15:44:00
41,post_message,message,41,success,Posted message,2024-03-08 04:54:00
41,post_message,message,96,success,Posted message,2024-03-08 11:31:00
22,post_message,message,36,success,Posted message,2024-03-08 19:17:00
52,post_message,message,13,success,Posted message,2024-03-08 21:17:00
7,post_message,message,43,success,Posted message,2024-03-08 10:34:00
49,post_message,message,173,success,Posted message,2024-03-08 12:27:00
31,post_message,message,146,success,Posted message,2024-03-08 16:45:00
8,post_message,message,127,success,Posted message,2024-03-08 00:07:00
87,post_message,message,75,success,Posted message,2024-03-08 23:14:00
20,post_message,message,88,success,Posted message,2024-03-08 02:34:00
28,post_message,message,84,success,Posted message,2024-03-08 21:14:00
5,post_message,message,15,success,Posted message,2024-03-08 10:54:00
61,first_visit,,133,success,First visit,2024-03-09 22:03:00
42,first_visit,,181,success,First visit,2024-03-09 06:37:00
,first_visit,,141,success,First visit,2024-03-09 14:42:00
,first_visit,,15,success,First visit,2024-03-09 20:05:00
,first_visit,,103,success,First visit,2024-03-09 06:54:00
39,first_visit,,64,success,First visit,2024-03-09 12:49:00
67,first_visit,,126,success,First visit,2024-03-09 14:00:00
63,first_visit,,130,success,First visit,2024-03-09 05:37:00
,first_visit,,3,success,First visit,2024-03-09 02:51:00
8,first_visit,,36,success,First visit,2024-03-09 14:09:00
,register,,115,success,User registered,2024-03-09 23:05:00
,register,,48,success,User registered,2024-03-09 10:08:00
,register,,27,success,User registered,2024-03-09 20:36:00
,register,,30,success,User registered,2024-03-09 13:58:00
,register,,10,success,User registered,2024-03-09 03:36:00
,login,,161,success,Login,2024-03-09 17:55:00
,login,,172,success,Login,2024-03-09 23:01:00
,login,,195,success,Login,2024-03-09 18:41:00
91,login,,155,success,Login,2024-03-09 14:56:00
,login,,62,success,Login,2024-03-09 21:06:00
14,logout,,74,success,Logout,2024-03-09 18:30:00
16,logout,,20,success,Logout,2024-03-09 05:02:00
,logout,,165,success,Logout,2024-03-09 08:06:00
,logout,,193,success,Logout,2024-03-09 16:54:00
58,logout,,116,success,Logout,2024-03-09 12:32:00
91,logout,,187,success,Logout,2024-03-09 07:38:00
,logout,,7,success,Logout,2024-03-09 17:04:00
45,logout,,69,success,Logout,2024-03-09 09:34:00
,logout,,79,success,Logout,2024-03-09 11:55:00
,logout,,32,success,Logout,2024-03-09 19:21:00
31,logout,,40,success,Logout,2024-03-09 21:34:00
85,logout,,64,success,Logout,2024-03-09 12:33:00
26,logout,,105,success,Logout,2024-03-09 15:37:00
30,create_topic,topic,55,success,Created topic,2024-03-09 06:29:00
46,create_topic,topic,182,success,Created topic,2024-03-09 22:35:00
6,create_topic,topic,193,success,Created topic,2024-03-09 11:48:00
93,create_topic,topic,146,success,Created topic,2024-03-09 10:50:00
44,create_topic,topic,89,success,Created topic,2024-03-09 23:03:00
78,create_topic,topic,144,success,Created topic,2024-03-09 01:50:00
19,create_topic,topic,43,success,Created topic,2024-03-09 11:05:00
22,create_topic,topic,24,success,Created topic,2024-03-09 20:56:00
89,visit_topic,topic,193,success,Visit topic,2024-03-09 07:31:00
95,visit_topic,topic,132,success,Visit topic,2024-03-09 13:28:00
,visit_topic,topic,144,success,Visit topic,2024-03-09 12:48:00
,visit_topic,topic,82,success,Visit topic,2024-03-09 21:41:00
65,visit_topic,topic,176,success,Visit topic,2024-03-09 05:02:00
,visit_topic,topic,118,success,Visit topic,2024-03-09 11:45:00
,visit_topic,topic,130,success,Visit topic,2024-03-09 20:39:00
35,visit_topic,topic,197,success,Visit topic,2024-03-09 14:36:00
,visit_topic,topic,11,success,Visit topic,2024-03-09 00:48:00
95,visit_topic,topic,200,success,Visit topic,2024-03-09 14:32:00
52,visit_topic,topic,87,success,Visit topic,2024-03-09 15:50:00
86,visit_topic,topic,173,success,Visit topic,2024-03-09 08:50:00
,visit_topic,topic,151,success,Visit topic,2024-03-09 19:15:00
,delete_topic,topic,129,success,Delete topic,2024-03-09 12:47:00
,delete_topic,topic,118,success,Delete topic,2024-03-09 01:01:00
77,delete_topic,topic,70,success,Delete topic,2024-03-09 22:24:00
,delete_topic,topic,27,success,Delete topic,2024-03-09 03:06:00
71,delete_topic,topic,154,success,Delete topic,2024-03-09 08:08:00
54,delete_topic,topic,175,success,Delete topic,2024-03-09 07:35:00
,delete_topic,topic,43,success,Delete topic,2024-03-09 14:24:00
39,delete_topic,topic,146,success,Delete topic,2024-03-09 01:59:00
11,delete_topic,topic,181,success,Delete topic,2024-03-09 04:38:00
88,delete_topic,topic,131,success,Delete topic,2024-03-09 20:14:00
,delete_topic,topic,151,success,Delete topic,2024-03-09 01:03:00
64,delete_topic,topic,43,success,Delete topic,2024-03-09 22:57:00
,delete_topic,topic,20,success,Delete topic,2024-03-09 08:38:00
56,post_message,message,187,success,Posted message,2024-03-09 07:33:00
80,post_message,message,108,success,Posted message,2024-03-09 07:51:00
20,post_message,message,170,success,Posted message,2024-03-09 00:52:00
30,post_message,message,185,success,Posted message,2024-03-09 12:54:00
8,post_message,message,91,success,Posted message,2024-03-09 11:05:00
93,post_message,message,68,success,Posted message,2024-03-09 17:01:00
74,post_message,message,188,success,Posted message,2024-03-09 09:28:00
28,post_message,message,36,success,Posted message,2024-03-09 12:27:00
30,post_message,message,151,success,Posted message,2024-03-09 06:06:00
91,post_message,message,105,success,Posted message,2024-03-09 03:40:00
50,post_message,message,90,success,Posted message,2024-03-09 17:53:00
80,post_message,message,4,success,Posted message,2024-03-09 00:40:00
10,post_message,message,176,success,Posted message,2024-03-09 18:44:00
11,post_message,message,14,success,Posted message,2024-03-09 12:34:00
14,post_message,message,56,success,Posted message,2024-03-09 18:50:00
76,first_visit,,117,success,First visit,2024-03-10 05:45:00
87,first_visit,,56,success,First visit,2024-03-10 02:03:00
14,first_visit,,98,success,First visit,2024-03-10 12:49:00
11,first_visit,,10,success,First visit,2024-03-10 19:42:00
,first_visit,,155,success,First visit,2024-03-10 02:40:00
95,first_visit,,126,success,First visit,2024-03-10 09:32:00
,register,,24,success,User registered,2024-03-10 02:00:00
,register,,122,success,User registered,2024-03-10 17:07:00
,register,,111,success,User registered,2024-03-10 13:06:00
,register,,68,success,User registered,2024-03-10 01:44:00
,register,,45,success,User registered,2024-03-10 02:29:00
,login,,103,success,Login,2024-03-10 15:13:00
,login,,129,success,Login,2024-03-10 12:59:00
,login,,180,success,Login,2024-03-10 19:38:00
63,login,,26,success,Login,2024-03-10 00:27:00
78,login,,51,success,Login,2024-03-10 08:43:00
8,login,,35,success,Login,2024-03-10 14:02:00
,login,,112,success,Login,2024-03-10 22:39:00
63,logout,,2,success,Logout,2024-03-10 23:35:00
,logout,,144,success,Logout,2024-03-10 10:17:00
,logout,,62,success,Logout,2024-03-10 08:53:00
,logout,,181,success,Logout,2024-03-10 09:15:00
58,logout,,150,success,Logout,2024-03-10 01:31:00
,logout,,117,success,Logout,2024-03-10 22:17:00
83,logout,,22,success,Logout,2024-03-10 10:03:00
,logout,,148,success,Logout,2024-03-10 06:28:00
70,logout,,126,success,Logout,2024-03-10 02:21:00
92,logout,,170,success,Logout,2024-03-10 06:53:00
86,logout,,174,success,Logout,2024-03-10 15:40:00
56,logout,,135,success,Logout,2024-03-10 13:59:00
18,logout,,99,success,Logout,2024-03-10 13:03:00
71,logout,,200,success,Logout,2024-03-10 01:53:00
,logout,,177,success,Logout,2024-03-10 06:42:00
100,create_topic,topic,13,success,Created topic,2024-03-10 11:02:00
33,create_topic,topic,56,success,Created topic,2024-03-10 22:58:00
28,create_topic,topic,122,success,Created topic,2024-03-10 16:59:00
85,create_topic,topic,113,success,Created topic,2024-03-10 18:25:00
65,create_topic,topic,148,success,Created topic,2024-03-10 07:13:00
44,create_topic,topic,110,success,Created topic,2024-03-10 19:51:00
98,create_topic,topic,143,success,Created topic,2024-03-10 15:03:00
63,create_topic,topic,53,success,Created topic,2024-03-10 10:59:00
27,create_topic,topic,99,success,Created topic,2024-03-10 23:28:00
21,create_topic,topic,36,success,Created topic,2024-03-10 17:26:00
46,create_topic,topic,74,success,Created topic,2024-03-10 13:22:00
57,create_topic,topic,82,success,Created topic,2024-03-10 08:59:00
84,create_topic,topic,137,success,Created topic,2024-03-10 05:35:00
30,visit_topic,topic,19,success,Visit topic,2024-03-10 00:38:00
61,visit_topic,topic,124,success,Visit topic,2024-03-10 12:01:00
,visit_topic,topic,121,success,Visit topic,2024-03-10 05:09:00
,visit_topic,topic,175,success,Visit topic,2024-03-10 07:41:00
39,visit_topic,topic,31,success,Visit topic,2024-03-10 17:33:00
,visit_topic,topic,181,success,Visit topic,2024-03-10 08:43:00
24,delete_topic,topic,69,success,Delete topic,2024-03-10 05:15:00
,delete_topic,topic,106,success,Delete topic,2024-03-10 15:35:00
,delete_topic,topic,18,success,Delete topic,2024-03-10 12:48:00
36,delete_topic,topic,26,success,Delete topic,2024-03-10 22:21:00
15,delete_topic,topic,131,success,Delete topic,2024-03-10 18:19:00
,delete_topic,topic,167,success,Delete topic,2024-03-10 23:52:00
23,delete_topic,topic,35,success,Delete topic,2024-03-10 14:37:00
50,delete_topic,topic,56,success,Delete topic,2024-03-10 00:21:00
47,delete_topic,topic,150,success,Delete topic,2024-03-10 16:46:00
58,delete_topic,topic,92,success,Delete topic,2024-03-10 16:03:00
,delete_topic,topic,153,success,Delete topic,2024-03-10 23:56:00
,delete_topic,topic,131,success,Delete topic,2024-03-10 00:09:00
69,post_message,message,2,success,Posted message,2024-03-10 00:21:00
53,post_message,message,10,success,Posted message,2024-03-10 22:15:00
61,post_message,message,173,success,Posted message,2024-03-10 04:42:00
77,post_message,message,47,success,Posted message,2024-03-10 22:59:00
96,post_message,message,9,success,Posted message,2024-03-10 10:43:00
74,post_message,message,185,success,Posted message,2024-03-10 06:49:00
48,post_message,message,155,success,Posted message,2024-03-10 07:32:00
36,post_message,message,56,success,Posted message,2024-03-10 00:00:00
98,post_message,message,36,success,Posted message,2024-03-10 09:35:00
22,post_message,message,38,success,Posted message,2024-03-10 04:28:00
25,post_message,message,166,success,Posted message,2024-03-10 16:04:00
,post_message,message,78,success,Posted message,2024-03-10 04:41:00
41,post_message,message,115,success,Posted message,2024-03-10 14:29:00
84,post_message,message,9,success,Posted message,2024-03-10 21:10:00
18,first_visit,,35,success,First visit,2024-03-11 21:14:00
16,first_visit,,58,success,First visit,2024-03-11 17:42:00
11,first_visit,,160,success,First visit,2024-03-11 06:58:00
91,first_visit,,130,success,First visit,2024-03-11 21:38:00
,first_visit,,165,success,First visit,2024-03-11 03:30:00
,first_visit,,60,success,First visit,2024-03-11 22:20:00
,register,,122,success,User registered,2024-03-11 07:37:00
,register,,60,success,User registered,2024-03-11 02:35:00
,register,,163,success,User registered,2024-03-11 16:22:00
,register,,55,success,User registered,2024-03-11 14:02:00
,register,,195,success,User registered,2024-03-11 22:21:00
,register,,47,success,User registered,2024-03-11 08:27:00
,register,,139,success,User registered,2024-03-11 04:48:00
,register,,71,success,User registered,2024-03-11 11:36:00
,register,,88,success,User registered,2024-03-11 20:22:00
,register,,29,success,User registered,2024-03-11 09:35:00
,register,,87,success,User registered,2024-03-11 02:56:00
,register,,39,success,User registered,2024-03-11 14:43:00
,register,,29,success,User registered,2024-03-11 11:49:00
43,login,,28,success,Login,2024-03-11 08:40:00
32,login,,143,success,Login,2024-03-11 10:49:00
,login,,55,success,Login,2024-03-11 02:12:00
68,login,,29,success,Login,2024-03-11 03:02:00
,login,,136,success,Login,2024-03-11 20:50:00
,logout,,3,success,Logout,2024-03-11 13:59:00
3,logout,,111,success,Logout,2024-03-11 22:35:00
,logout,,199,success,Logout,2024-03-11 06:56:00
,logout,,4,success,Logout,2024-03-11 14:55:00
,logout,,149,success,Logout,2024-03-11 20:18:00
,logout,,89,success,Logout,2024-03-11 12:06:00
,logout,,166,success,Logout,2024-03-11 20:22:00
,logout,,54,success,Logout,2024-03-11 08:28:00
,logout,,88,success,Logout,2024-03-11 21:30:00
,logout,,135,success,Logout,2024-03-11 03:27:00
,logout,,44,success,Logout,2024-03-11 13:37:00
7,logout,,163,success,Logout,2024-03-11 11:30:00
34,create_topic,topic,49,success,Created topic,2024-03-11 11:26:00
99,create_topic,topic,61,success,Created topic,2024-03-11 03:47:00
3,create_topic,topic,21,success,Created topic,2024-03-11 03:58:00
25,create_topic,topic,126,success,Created topic,2024-03-11 20:35:00
41,create_topic,topic,169,success,Created topic,2024-03-11 16:50:00
7,create_topic,topic,92,success,Created topic,2024-03-11 15:16:00
41,visit_topic,topic,188,success,Visit topic,2024-03-11 10:52:00
37,visit_topic,topic,178,success,Visit topic,2024-03-11 19:30:00
,visit_topic,topic,101,success,Visit topic,2024-03-11 19:29:00
,visit_topic,topic,3,success,Visit topic,2024-03-11 08:24:00
,visit_topic,topic,148,success,Visit topic,2024-03-11 04:22:00
,delete_topic,topic,57,success,Delete topic,2024-03-11 18:47:00
3,delete_topic,topic,126,success,Delete topic,2024-03-11 17:31:00
,delete_topic,topic,147,success,Delete topic,2024-03-11 19:52:00
54,delete_topic,topic,137,success,Delete topic,2024-03-11 05:24:00
,delete_topic,topic,186,success,Delete topic,2024-03-11 23:53:00
92,delete_topic,topic,31,success,Delete topic,2024-03-11 14:30:00
13,delete_topic,topic,143,success,Delete topic,2024-03-11 06:02:00
58,delete_topic,topic,68,success,Delete topic,2024-03-11 12:47:00
97,delete_topic,topic,148,success,Delete topic,2024-03-11 22:43:00
6,delete_topic,topic,175,success,Delete topic,2024-03-11 04:11:00
57,delete_topic,topic,199,success,Delete topic,2024-03-11 22:42:00
71,delete_topic,topic,177,success,Delete topic,2024-03-11 03:34:00
15,delete_topic,topic,120,success,Delete topic,2024-03-11 18:44:00
,delete_topic,topic,67,success,Delete topic,2024-03-11 12:22:00
,delete_topic,topic,134,success,Delete topic,2024-03-11 10:41:00
28,post_message,message,188,success,Posted message,2024-03-11 00:33:00
79,post_message,message,131,success,Posted message,2024-03-11 22:07:00
97,post_message,message,93,success,Posted message,2024-03-11 00:38:00
82,post_message,message,29,success,Posted message,2024-03-11 12:23:00
29,post_message,message,16,success,Posted message,2024-03-11 20:09:00
89,post_message,message,16,success,Posted message,2024-03-11 04:30:00
62,first_visit,,110,success,First visit,2024-03-12 12:57:00
72,first_visit,,188,success,First visit,2024-03-12 19:50:00
,first_visit,,139,success,First visit,2024-03-12 16:08:00
63,first_visit,,169,success,First visit,2024-03-12 23:11:00
40,first_visit,,180,success,First visit,2024-03-12 21:41:00
,register,,29,success,User registered,2024-03-12 09:12:00
,register,,130,success,User registered,2024-03-12 00:34:00
,register,,115,success,User registered,2024-03-12 23:48:00
,register,,102,success,User registered,2024-03-12 18:50:00
,register,,28,success,User registered,2024-03-12 12:36:00
,register,,27,success,User registered,2024-03-12 07:17:00
,register,,36,success,User registered,2024-03-12 21:57:00
,register,,143,success,User registered,2024-03-12 05:55:00
,register,,57,success,User registered,2024-03-12 17:54:00
,register,,124,success,User registered,2024-03-12 01:14:00
,register,,141,success,User registered,2024-03-12 15:14:00
,register,,53,success,User registered,2024-03-12 05:01:00
30,login,,137,success,Login,2024-03-12 01:05:00
,login,,123,success,Login,2024-03-12 19:13:00
68,login,,30,success,Login,2024-03-12 00:41:00
,login,,149,success,Login,2024-03-12 21:21:00
21,login,,129,success,Login,2024-03-12 16:00:00
,login,,191,success,Login,2024-03-12 16:13:00
,login,,106,success,Login,2024-03-12 01:38:00
,login,,52,success,Login,2024-03-12 10:11:00
16,login,,91,success,Login,2024-03-12 18:30:00
72,login,,169,success,Login,2024-03-12 19:34:00
,login,,23,success,Login,2024-03-12 10:57:00
,login,,150,success,Login,2024-03-12 23:06:00
13,login,,159,success,Login,2024-03-12 22:23:00
6,login,,40,success,Login,2024-03-12 15:28:00
81,login,,29,success,Login,2024-03-12 11:22:00
56,logout,,140,success,Logout,2024-03-12 22:59:00
30,logout,,147,success,Logout,2024-03-12 11:11:00
62,logout,,6,success,Logout,2024-03-12 06:08:00
4,logout,,68,success,Logout,2024-03-12 20:54:00
,logout,,32,success,Logout,2024-03-12 23:40:00
9,logout,,21,success,Logout,2024-03-12 15:34:00
9,logout,,156,success,Logout,2024-03-12 12:25:00
32,logout,,184,success,Logout,2024-03-12 00:30:00
35,logout,,29,success,Logout,2024-03-12 15:09:00
,logout,,61,success,Logout,2024-03-12 15:46:00
36,logout,,18,success,Logout,2024-03-12 23:38:00
57,create_topic,topic,16,success,Created topic,2024-03-12 07:18:00
98,create_topic,topic,57,success,Created topic,2024-03-12 17:47:00
16,create_topic,topic,24,success,Created topic,2024-03-12 14:12:00
18,create_topic,topic,174,success,Created topic,2024-03-12 13:45:00
64,create_topic,topic,119,success,Created topic,2024-03-12 15:59:00
,visit_topic,topic,12,success,Visit topic,2024-03-12 03:58:00
,visit_topic,topic,95,success,Visit topic,2024-03-12 19:30:00
,visit_topic,topic,185,success,Visit topic,2024-03-12 13:45:00
,visit_topic,topic,178,success,Visit topic,2024-03-12 09:14:00
,visit_topic,topic,72,success,Visit topic,2024-03-12 22:14:00
,visit_topic,topic,81,success,Visit topic,2024-03-12 07:44:00
49,visit_topic,topic,31,success,Visit topic,2024-03-12 04:10:00
,visit_topic,topic,56,success,Visit topic,2024-03-12 13:48:00
,visit_topic,topic,81,success,Visit topic,2024-03-12 21:13:00
11,visit_topic,topic,185,success,Visit topic,2024-03-12 05:03:00
6,visit_topic,topic,68,success,Visit topic,2024-03-12 00:30:00
97,visit_topic,topic,186,success,Visit topic,2024-03-12 07:30:00
14,visit_topic,topic,46,success,Visit topic,2024-03-12 14:50:00
,visit_topic,topic,134,success,Visit topic,2024-03-12 07:50:00
,visit_topic,topic,162,success,Visit topic,2024-03-12 07:22:00
99,delete_topic,topic,36,success,Delete topic,2024-03-12 06:34:00
,delete_topic,topic,144,success,Delete topic,2024-03-12 17:48:00
,delete_topic,topic,1,success,Delete topic,2024-03-12 01:25:00
90,delete_topic,topic,197,success,Delete topic,2024-03-12 09:05:00
60,delete_topic,topic,90,success,Delete topic,2024-03-12 00:12:00
68,delete_topic,topic,67,success,Delete topic,2024-03-12 06:24:00
,delete_topic,topic,70,success,Delete topic,2024-03-12 09:09:00
,delete_topic,topic,144,success,Delete topic,2024-03-12 04:21:00
,delete_topic,topic,49,success,Delete topic,2024-03-12 12:45:00
18,delete_topic,topic,115,success,Delete topic,2024-03-12 03:27:00
,delete_topic,topic,55,success,Delete topic,2024-03-12 16:52:00
,delete_topic,topic,132,success,Delete topic,2024-03-12 20:50:00
,delete_topic,topic,123,success,Delete topic,2024-03-12 02:34:00
55,post_message,message,127,success,Posted message,2024-03-12 03:13:00
,post_message,message,7,success,Posted message,2024-03-12 04:55:00
39,post_message,message,12,success,Posted message,2024-03-12 13:28:00
47,post_message,message,35,success,Posted message,2024-03-12 17:54:00
49,post_message,message,190,success,Posted message,2024-03-12 20:54:00
37,post_message,message,126,success,Posted message,2024-03-12 12:36:00
21,post_message,message,200,success,Posted message,2024-03-12 07:13:00
89,post_message,message,35,success,Posted message,2024-03-12 10:24:00
23,post_message,message,115,success,Posted message,2024-03-12 20:18:00
83,post_message,message,32,success,Posted message,2024-03-12 08:01:00
9,post_message,message,150,success,Posted message,2024-03-12 18:42:00
82,post_message,message,61,success,Posted message,2024-03-12 01:51:00
12,post_message,message,84,success,Posted message,2024-03-12 22:05:00
15,post_message,message,161,success,Posted message,2024-03-12 08:55:00
76,first_visit,,112,success,First visit,2024-03-13 21:07:00
3,first_visit,,35,success,First visit,2024-03-13 03:57:00
87,first_visit,,141,success,First visit,2024-03-13 11:07:00
8,first_visit,,46,success,First visit,2024-03-13 03:42:00
,first_visit,,134,success,First visit,2024-03-13 19:06:00
,first_visit,,118,success,First visit,2024-03-13 00:27:00
,first_visit,,49,success,First visit,2024-03-13 12:47:00
36,first_visit,,39,success,First visit,2024-03-13 22:45:00
17,first_visit,,80,success,First visit,2024-03-13 23:41:00
43,first_visit,,2,success,First visit,2024-03-13 02:16:00
,first_visit,,116,success,First visit,2024-03-13 04:24:00
89,first_visit,,148,success,First visit,2024-03-13 11:53:00
,first_visit,,58,success,First visit,2024-03-13 04:39:00
,first_visit,,156,success,First visit,2024-03-13 01:44:00
50,first_visit,,28,success,First visit,2024-03-13 18:26:00
,register,,77,success,User registered,2024-03-13 08:05:00
,register,,160,success,User registered,2024-03-13 13:24:00
,register,,133,success,User registered,2024-03-13 20:17:00
,register,,64,success,User registered,2024-03-13 12:33:00
,register,,178,success,User registered,2024-03-13 01:06:00
,register,,137,success,User registered,2024-03-13 17:43:00
,register,,39,success,User registered,2024-03-13 05:34:00
,register,,18,success,User registered,2024-03-13 11:49:00
,register,,77,success,User registered,2024-03-13 05:54:00
,register,,98,success,User registered,2024-03-13 02:37:00
,register,,134,success,User registered,2024-03-13 09:49:00
,register,,53,success,User registered,2024-03-13 15:35:00
,register,,166,success,User registered,2024-03-13 05:18:00
,register,,99,success,User registered,2024-03-13 20:21:00
,login,,187,success,Login,2024-03-13 09:21:00
,login,,184,success,Login,2024-03-13 19:14:00
18,login,,81,success,Login,2024-03-13 17:11:00
,login,,133,success,Login,2024-03-13 01:54:00
,login,,155,success,Login,2024-03-13 13:10:00
,logout,,99,success,Logout,2024-03-13 02:29:00
76,logout,,119,success,Logout,2024-03-13 22:26:00
,logout,,133,success,Logout,2024-03-13 14:00:00
,logout,,10,success,Logout,2024-03-13 16:14:00
,logout,,199,success,Logout,2024-03-13 19:58:00
,logout,,83,success,Logout,2024-03-13 02:41:00
,logout,,147,success,Logout,2024-03-13 16:43:00
9,logout,,174,success,Logout,2024-03-13 22:47:00
,logout,,130,success,Logout,2024-03-13 06:47:00
89,logout,,183,success,Logout,2024-03-13 04:44:00
20,logout,,166,success,Logout,2024-03-13 10:35:00
85,logout,,31,success,Logout,2024-03-13 13:28:00
,logout,,8,success,Logout,2024-03-13 03:12:00
50,logout,,173,success,Logout,2024-03-13 09:46:00
32,logout,,74,success,Logout,2024-03-13 19:33:00
14,create_topic,topic,22,success,Created topic,2024-03-13 21:40:00
78,create_topic,topic,129,success,Created topic,2024-03-13 09:52:00
53,create_topic,topic,188,success,Created topic,2024-03-13 18:55:00
62,create_topic,topic,8,success,Created topic,2024-03-13 22:01:00
83,create_topic,topic,89,success,Created topic,2024-03-13 05:35:00
52,create_topic,topic,106,success,Created topic,2024-03-13 19:44:00
91,create_topic,topic,117,success,Created topic,2024-03-13 06:16:00
100,create_topic,topic,188,success,Created topic,2024-03-13 14:27:00
14,create_topic,topic,118,success,Created topic,2024-03-13 16:08:00
7,create_topic,topic,71,success,Created topic,2024-03-13 05:06:00
41,create_topic,topic,144,success,Created topic,2024-03-13 13:33:00
96,create_topic,topic,115,success,Created topic,2024-03-13 20:34:00
,visit_topic,topic,125,success,Visit topic,2024-03-13 20:49:00
60,visit_topic,topic,67,success,Visit topic,2024-03-13 17:10:00
,visit_topic,topic,72,success,Visit topic,2024-03-13 01:02:00
50,visit_topic,topic,72,success,Visit topic,2024-03-13 01:52:00
14,visit_topic,topic,172,success,Visit topic,2024-03-13 09:33:00
,visit_topic,topic,52,success,Visit topic,2024-03-13 13:42:00
,visit_topic,topic,11,success,Visit topic,2024-03-13 01:55:00
26,visit_topic,topic,3,success,Visit topic,2024-03-13 09:43:00
8,visit_topic,topic,184,success,Visit topic,2024-03-13 10:51:00
,delete_topic,topic,143,success,Delete topic,2024-03-13 22:09:00
,delete_topic,topic,145,success,Delete topic,2024-03-13 19:28:00
89,delete_topic,topic,175,success,Delete topic,2024-03-13 01:52:00
45,delete_topic,topic,125,success,Delete topic,2024-03-13 08:19:00
,delete_topic,topic,200,success,Delete topic,2024-03-13 09:04:00
,delete_topic,topic,174,success,Delete topic,2024-03-13 08:27:00
70,delete_topic,topic,1,success,Delete topic,2024-03-13 00:35:00
,delete_topic,topic,27,success,Delete topic,2024-03-13 02:15:00
,delete_topic,topic,169,success,Delete topic,2024-03-13 01:56:00
,delete_topic,topic,6,success,Delete topic,2024-03-13 03:06:00
87,delete_topic,topic,61,success,Delete topic,2024-03-13 03:42:00
47,delete_topic,topic,96,success,Delete topic,2024-03-13 15:49:00
98,delete_topic,topic,62,success,Delete topic,2024-03-13 17:17:00
51,post_message,message,190,success,Posted message,2024-03-13 15:20:00
53,post_message,message,151,success,Posted message,2024-03-13 17:04:00
3,post_message,message,68,success,Posted message,2024-03-13 15:14:00
52,post_message,message,189,success,Posted message,2024-03-13 09:26:00
9,post_message,message,180,success,Posted message,2024-03-13 01:26:00
56,post_message,message,50,success,Posted message,2024-03-13 18:38:00
8,post_message,message,184,success,Posted message,2024-03-13 01:12:00
51,post_message,message,17,success,Posted message,2024-03-13 01:07:00
22,post_message,message,200,success,Posted message,2024-03-13 07:58:00
,first_visit,,46,success,First visit,2024-03-14 15:17:00
74,first_visit,,186,success,First visit,2024-03-14 20:04:00
37,first_visit,,2,success,First visit,2024-03-14 12:19:00
96,first_visit,,101,success,First visit,2024-03-14 00:10:00
54,first_visit,,174,success,First visit,2024-03-14 06:37:00
,first_visit,,66,success,First visit,2024-03-14 05:18:00
44,first_visit,,19,success,First visit,2024-03-14 04:51:00
,first_visit,,200,success,First visit,2024-03-14 11:14:00
46,first_visit,,22,success,First visit,2024-03-14 18:36:00
97,first_visit,,111,success,First visit,2024-03-14 05:17:00
,first_visit,,162,success,First visit,2024-03-14 20:30:00
22,first_visit,,72,success,First visit,2024-03-14 13:38:00
,register,,182,success,User registered,2024-03-14 08:42:00
,register,,97,success,User registered,2024-03-14 15:38:00
,register,,76,success,User registered,2024-03-14 03:57:00
,register,,22,success,User registered,2024-03-14 22:49:00
,register,,144,success,User registered,2024-03-14 14:24:00
43,login,,50,success,Login,2024-03-14 19:37:00
,login,,68,success,Login,2024-03-14 01:26:00
,login,,5,success,Login,2024-03-14 04:01:00
72,login,,194,success,Login,2024-03-14 02:07:00
,login,,81,success,Login,2024-03-14 17:33:00
,login,,100,success,Login,2024-03-14 02:26:00
67,login,,165,success,Login,2024-03-14 10:38:00
23,login,,177,success,Login,2024-03-14 03:06:00
100,login,,96,success,Login,2024-03-14 21:53:00
91,login,,87,success,Login,2024-03-14 22:38:00
46,login,,129,success,Login,2024-03-14 05:29:00
,login,,41,success,Login,2024-03-14 02:39:00
19,login,,20,success,Login,2024-03-14 12:47:00
,login,,27,success,Login,2024-03-14 19:06:00
77,logout,,66,success,Logout,2024-03-14 03:13:00
50,logout,,173,success,Logout,2024-03-14 08:00:00
73,logout,,47,success,Logout,2024-03-14 07:35:00
,logout,,126,success,Logout,2024-03-14 22:06:00
,logout,,93,success,Logout,2024-03-14 10:47:00
54,create_topic,topic,54,success,Created topic,2024-03-14 05:24:00
32,create_topic,topic,37,success,Created topic,2024-03-14 13:06:00
86,create_topic,topic,179,success,Created topic,2024-03-14 06:14:00
37,create_topic,topic,62,success,Created topic,2024-03-14 06:56:00
31,create_topic,topic,109,success,Created topic,2024-03-14 22:12:00
88,create_topic,topic,7,success,Created topic,2024-03-14 03:39:00
9,create_topic,topic,191,success,Created topic,2024-03-14 17:48:00
22,create_topic,topic,146,success,Created topic,2024-03-14 04:22:00
29,visit_topic,topic,39,success,Visit topic,2024-03-14 21:37:00
,visit_topic,topic,67,success,Visit topic,2024-03-14 11:44:00
,visit_topic,topic,68,success,Visit topic,2024-03-14 18:50:00
12,visit_topic,topic,106,success,Visit topic,2024-03-14 05:12:00
43,visit_topic,topic,74,success,Visit topic,2024-03-14 21:46:00
49,visit_topic,topic,127,success,Visit topic,2024-03-14 16:13:00
,visit_topic,topic,156,success,Visit topic,2024-03-14 12:59:00
63,visit_topic,topic,14,success,Visit topic,2024-03-14 21:12:00
,delete_topic,topic,87,success,Delete topic,2024-03-14 05:25:00
6,delete_topic,topic,40,success,Delete topic,2024-03-14 00:57:00
,delete_topic,topic,64,success,Delete topic,2024-03-14 17:40:00
,delete_topic,topic,185,success,Delete topic,2024-03-14 04:53:00
,delete_topic,topic,173,success,Delete topic,2024-03-14 06:02:00
67,delete_topic,topic,98,success,Delete topic,2024-03-14 21:24:00
,delete_topic,topic,65,success,Delete topic,2024-03-14 12:18:00
,delete_topic,topic,199,success,Delete topic,2024-03-14 02:59:00
,delete_topic,topic,120,success,Delete topic,2024-03-14 22:39:00
,delete_topic,topic,87,success,Delete topic,2024-03-14 07:41:00
17,delete_topic,topic,166,success,Delete topic,2024-03-14 21:05:00
87,post_message,message,64,success,Posted message,2024-03-14 16:59:00
11,post_message,message,145,success,Posted message,2024-03-14 15:13:00
26,post_message,message,167,success,Posted message,2024-03-14 19:56:00
37,post_message,message,14,success,Posted message,2024-03-14 17:53:00
33,post_message,message,169,success,Posted message,2024-03-14 09:02:00
71,post_message,message,123,success,Posted message,2024-03-14 02:26:00
16,post_message,message,1,success,Posted message,2024-03-14 11:15:00
68,post_message,message,57,success,Posted message,2024-03-14 15:31:00
18,post_message,message,4,success,Posted message,2024-03-14 05:21:00
15,post_message,message,13,success,Posted message,2024-03-14 00:32:00
62,post_message,message,53,success,Posted message,2024-03-14 09:34:00
72,post_message,message,113,success,Posted message,2024-03-14 17:49:00
94,post_message,message,29,success,Posted message,2024-03-14 20:40:00
3,post_message,message,103,success,Posted message,2024-03-14 20:34:00
6,first_visit,,66,success,First visit,2024-03-15 12:38:00
6,first_visit,,68,success,First visit,2024-03-15 09:00:00
70,first_visit,,3,success,First visit,2024-03-15 13:57:00
74,first_visit,,64,success,First visit,2024-03-15 13:00:00
7,first_visit,,5,success,First visit,2024-03-15 02:15:00
84,first_visit,,17,success,First visit,2024-03-15 19:08:00
,first_visit,,99,success,First visit,2024-03-15 06:40:00
66,first_visit,,64,success,First visit,2024-03-15 15:45:00
,first_visit,,127,success,First visit,2024-03-15 00:13:00
,first_visit,,135,success,First visit,2024-03-15 04:20:00
,first_visit,,60,success,First visit,2024-03-15 15:15:00
,register,,23,success,User registered,2024-03-15 08:14:00
,register,,28,success,User registered,2024-03-15 08:18:00
,register,,107,success,User registered,2024-03-15 21:41:00
,register,,99,success,User registered,2024-03-15 19:48:00
,register,,64,success,User registered,2024-03-15 20:42:00
,register,,177,success,User registered,2024-03-15 23:26:00
,register,,149,success,User registered,2024-03-15 09:28:00
,register,,117,success,User registered,2024-03-15 13:22:00
,register,,73,success,User registered,2024-03-15 17:16:00
,register,,176,success,User registered,2024-03-15 23:42:00
,register,,19,success,User registered,2024-03-15 12:14:00
,register,,34,success,User registered,2024-03-15 22:12:00
,register,,198,success,User registered,2024-03-15 10:15:00
,register,,149,success,User registered,2024-03-15 04:08:00
,register,,8,success,User registered,2024-03-15 10:33:00
46,login,,20,success,Login,2024-03-15 12:23:00
28,login,,12,success,Login,2024-03-15 19:16:00
,login,,93,success,Login,2024-03-15 07:04:00
,login,,154,success,Login,2024-03-15 20:33:00
69,login,,85,success,Login,2024-03-15 07:27:00
,login,,193,success,Login,2024-03-15 02:52:00
82,login,,6,success,Login,2024-03-15 06:05:00
,login,,42,success,Login,2024-03-15 12:42:00
,login,,118,success,Login,2024-03-15 18:18:00
3,login,,35,success,Login,2024-03-15 07:37:00
,login,,142,success,Login,2024-03-15 08:07:00
33,login,,182,success,Login,2024-03-15 11:29:00
21,login,,139,success,Login,2024-03-15 09:46:00
100,login,,142,success,Login,2024-03-15 00:38:00
,logout,,183,success,Logout,2024-03-15 16:51:00
61,logout,,187,success,Logout,2024-03-15 06:17:00
,logout,,86,success,Logout,2024-03-15 23:11:00
10,logout,,134,success,Logout,2024-03-15 21:38:00
18,logout,,38,success,Logout,2024-03-15 09:32:00
64,create_topic,topic,52,success,Created topic,2024-03-15 07:08:00
78,create_topic,topic,189,success,Created topic,2024-03-15 02:12:00
58,create_topic,topic,162,success,Created topic,2024-03-15 23:39:00
59,create_topic,topic,92,success,Created topic,2024-03-15 22:47:00
36,create_topic,topic,44,success,Created topic,2024-03-15 06:38:00
35,create_topic,topic,158,success,Created topic,2024-03-15 19:44:00
23,create_topic,topic,27,success,Created topic,2024-03-15 09:52:00
76,create_topic,topic,174,success,Created topic,2024-03-15 17:58:00
36,create_topic,topic,7,success,Created topic,2024-03-15 06:27:00
58,create_topic,topic,143,success,Created topic,2024-03-15 21:01:00
67,create_topic,topic,185,success,Created topic,2024-03-15 14:55:00
83,create_topic,topic,130,success,Created topic,2024-03-15 08:22:00
67,create_topic,topic,5,success,Created topic,2024-03-15 07:43:00
82,create_topic,topic,101,success,Created topic,2024-03-15 05:41:00
74,create_topic,topic,198,success,Created topic,2024-03-15 23:26:00
77,visit_topic,topic,191,success,Visit topic,2024-03-15 09:41:00
22,visit_topic,topic,51,success,Visit topic,2024-03-15 07:21:00
95,visit_topic,topic,181,success,Visit topic,2024-03-15 00:47:00
,visit_topic,topic,5,success,Visit topic,2024-03-15 02:04:00
5,visit_topic,topic,151,success,Visit topic,2024-03-15 00:37:00
,visit_topic,topic,3,success,Visit topic,2024-03-15 14:38:00
6,visit_topic,topic,135,success,Visit topic,2024-03-15 17:44:00
43,delete_topic,topic,7,success,Delete topic,2024-03-15 11:29:00
24,delete_topic,topic,165,success,Delete topic,2024-03-15 09:34:00
14,delete_topic,topic,89,success,Delete topic,2024-03-15 07:57:00
,delete_topic,topic,125,success,Delete topic,2024-03-15 02:37:00
54,delete_topic,topic,122,success,Delete topic,2024-03-15 03:48:00
24,delete_topic,topic,23,success,Delete topic,2024-03-15 10:17:00
94,delete_topic,topic,151,success,Delete topic,2024-03-15 08:25:00
90,delete_topic,topic,179,success,Delete topic,2024-03-15 16:05:00
1,post_message,message,121,success,Posted message,2024-03-15 21:48:00
67,post_message,message,146,success,Posted message,2024-03-15 03:05:00
21,post_message,message,23,success,Posted message,2024-03-15 20:54:00
98,post_message,message,142,success,Posted message,2024-03-15 03:31:00
33,post_message,message,130,success,Posted message,2024-03-15 08:35:00
40,post_message,message,128,success,Posted message,2024-03-15 07:02:00
25,post_message,message,56,success,Posted message,2024-03-15 19:31:00
87,post_message,message,113,success,Posted message,2024-03-15 00:47:00
99,first_visit,,194,success,First visit,2024-03-16 00:17:00
,first_visit,,53,success,First visit,2024-03-16 08:14:00
81,first_visit,,103,success,First visit,2024-03-16 04:05:00
12,first_visit,,139,success,First visit,2024-03-16 01:15:00
54,first_visit,,187,success,First visit,2024-03-16 23:08:00
,first_visit,,125,success,First visit,2024-03-16 07:28:00
,first_visit,,106,success,First visit,2024-03-16 13:34:00
,first_visit,,63,success,First visit,2024-03-16 04:03:00
,register,,105,success,User registered,2024-03-16 04:35:00
,register,,97,success,User registered,2024-03-16 02:19:00
,register,,173,success,User registered,2024-03-16 03:47:00
,register,,83,success,User registered,2024-03-16 09:01:00
,register,,101,success,User registered,2024-03-16 20:22:00
,login,,137,success,Login,2024-03-16 17:18:00
34,login,,54,success,Login,2024-03-16 13:28:00
,login,,12,success,Login,2024-03-16 13:22:00
,login,,132,success,Login,2024-03-16 03:28:00
2,login,,33,success,Login,2024-03-16 09:03:00
,login,,12,success,Login,2024-03-16 13:52:00
97,login,,94,success,Login,2024-03-16 22:14:00
,login,,87,success,Login,2024-03-16 09:27:00
10,login,,132,success,Login,2024-03-16 12:35:00
,login,,138,success,Login,2024-03-16 18:20:00
70,logout,,178,success,Logout,2024-03-16 16:44:00
,logout,,175,success,Logout,2024-03-16 19:34:00
,logout,,32,success,Logout,2024-03-16 15:51:00
,logout,,132,success,Logout,2024-03-16 18:09:00
,logout,,124,success,Logout,2024-03-16 10:58:00
,logout,,71,success,Logout,2024-03-16 02:21:00
,logout,,128,success,Logout,2024-03-16 16:29:00
,logout,,125,success,Logout,2024-03-16 03:25:00
1,logout,,188,success,Logout,2024-03-16 22:25:00
36,create_topic,topic,172,success,Created topic,2024-03-16 02:49:00
70,create_topic,topic,106,success,Created topic,2024-03-16 02:21:00
13,create_topic,topic,45,success,Created topic,2024-03-16 04:57:00
70,create_topic,topic,175,success,Created topic,2024-03-16 13:20:00
71,create_topic,topic,151,success,Created topic,2024-03-16 18:28:00
9,create_topic,topic,168,success,Created topic,2024-03-16 19:10:00
23,create_topic,topic,69,success,Created topic,2024-03-16 17:53:00
59,create_topic,topic,114,success,Created topic,2024-03-16 21:08:00
42,visit_topic,topic,65,success,Visit topic,2024-03-16 17:23:00
,visit_topic,topic,33,success,Visit topic,2024-03-16 12:56:00
50,visit_topic,topic,103,success,Visit topic,2024-03-16 11:25:00
,visit_topic,topic,63,success,Visit topic,2024-03-16 16:22:00
,visit_topic,topic,95,success,Visit topic,2024-03-16 21:01:00
8,visit_topic,topic,122,success,Visit topic,2024-03-16 06:54:00
,delete_topic,topic,50,success,Delete topic,2024-03-16 02:14:00
79,delete_topic,topic,85,success,Delete topic,2024-03-16 07:29:00
,delete_topic,topic,140,success,Delete topic,2024-03-16 09:43:00
,delete_topic,topic,88,success,Delete topic,2024-03-16 16:43:00
9,delete_topic,topic,138,success,Delete topic,2024-03-16 05:53:00
,delete_topic,topic,112,success,Delete topic,2024-03-16 13:33:00
71,delete_topic,topic,86,success,Delete topic,2024-03-16 04:16:00
76,delete_topic,topic,106,success,Delete topic,2024-03-16 14:31:00
13,delete_topic,topic,145,success,Delete topic,2024-03-16 00:07:00
92,delete_topic,topic,30,success,Delete topic,2024-03-16 20:42:00
81,delete_topic,topic,182,success,Delete topic,2024-03-16 23:51:00
,delete_topic,topic,167,success,Delete topic,2024-03-16 18:32:00
,delete_topic,topic,79,success,Delete topic,2024-03-16 13:43:00
51,post_message,message,91,success,Posted message,2024-03-16 19:25:00
41,post_message,message,171,success,Posted message,2024-03-16 18:54:00
59,post_message,message,75,success,Posted message,2024-03-16 19:58:00
92,post_message,message,117,success,Posted message,2024-03-16 21:54:00
51,post_message,message,158,success,Posted message,2024-03-16 17:08:00
29,post_message,message,94,success,Posted message,2024-03-16 06:30:00
,first_visit,,6,success,First visit,2024-03-17 10:07:00
17,first_visit,,49,success,First visit,2024-03-17 18:21:00
93,first_visit,,157,success,First visit,2024-03-17 15:22:00
2,first_visit,,181,success,First visit,2024-03-17 13:56:00
94,first_visit,,123,success,First visit,2024-03-17 23:20:00
89,first_visit,,65,success,First visit,2024-03-17 07:06:00
,register,,32,success,User registered,2024-03-17 06:47:00
,register,,33,success,User registered,2024-03-17 05:43:00
,register,,121,success,User registered,2024-03-17 19:33:00
,register,,170,success,User registered,2024-03-17 03:37:00
,register,,21,success,User registered,2024-03-17 13:55:00
21,login,,46,success,Login,2024-03-17 05:07:00
,login,,144,success,Login,2024-03-17 17:34:00
87,login,,1,success,Login,2024-03-17 20:24:00
87,login,,156,success,Login,2024-03-17 06:07:00
75,login,,130,success,Login,2024-03-17 06:59:00
95,login,,58,success,Login,2024-03-17 18:11:00
47,login,,40,success,Login,2024-03-17 03:41:00
4,login,,13,success,Login,2024-03-17 01:22:00
20,login,,179,success,Login,2024-03-17 01:29:00
,login,,133,success,Login,2024-03-17 09:54:00
34,logout,,183,success,Logout,2024-03-17 05:53:00
8,logout,,61,success,Logout,2024-03-17 22:33:00
13,logout,,180,success,Logout,2024-03-17 18:56:00
45,logout,,136,success,Logout,2024-03-17 18:40:00
41,logout,,200,success,Logout,2024-03-17 06:37:00
,logout,,52,success,Logout,2024-03-17 05:05:00
28,logout,,152,success,Logout,2024-03-17 05:41:00
,logout,,134,success,Logout,2024-03-17 18:53:00
34,create_topic,topic,39,success,Created topic,2024-03-17 10:22:00
58,create_topic,topic,129,success,Created topic,2024-03-17 14:59:00
10,create_topic,topic,37,success,Created topic,2024-03-17 00:40:00
11,create_topic,topic,134,success,Created topic,2024-03-17 04:05:00
57,create_topic,topic,142,success,Created topic,2024-03-17 21:16:00
94,create_topic,topic,172,success,Created topic,2024-03-17 23:54:00
69,create_topic,topic,147,success,Created topic,2024-03-17 12:21:00
92,create_topic,topic,106,success,Created topic,2024-03-17 18:44:00
93,create_topic,topic,120,success,Created topic,2024-03-17 19:57:00
64,create_topic,topic,123,success,Created topic,2024-03-17 14:48:00
75,create_topic,topic,118,success,Created topic,2024-03-17 09:32:00
68,create_topic,topic,160,success,Created topic,2024-03-17 12:34:00
29,create_topic,topic,8,success,Created topic,2024-03-17 17:20:00
24,create_topic,topic,122,success,Created topic,2024-03-17 22:25:00
80,visit_topic,topic,31,success,Visit topic,2024-03-17 05:02:00
48,visit_topic,topic,68,success,Visit topic,2024-03-17 01:20:00
,visit_topic,topic,123,success,Visit topic,2024-03-17 11:08:00
,visit_topic,topic,92,success,Visit topic,2024-03-17 04:11:00
11,visit_topic,topic,192,success,Visit topic,2024-03-17 19:22:00
,visit_topic,topic,161,success,Visit topic,2024-03-17 11:43:00
13,visit_topic,topic,173,success,Visit topic,2024-03-17 18:17:00
29,visit_topic,topic,30,success,Visit topic,2024-03-17 17:16:00
,visit_topic,topic,135,success,Visit topic,2024-03-17 10:51:00
6,visit_topic,topic,72,success,Visit topic,2024-03-17 11:09:00
,visit_topic,topic,188,success,Visit topic,2024-03-17 12:26:00
35,visit_topic,topic,138,success,Visit topic,2024-03-17 05:11:00
,visit_topic,topic,128,success,Visit topic,2024-03-17 21:25:00
70,visit_topic,topic,108,success,Visit topic,2024-03-17 14:39:00
25,delete_topic,topic,36,success,Delete topic,2024-03-17 01:34:00
12,delete_topic,topic,64,success,Delete topic,2024-03-17 02:27:00
55,delete_topic,topic,87,success,Delete topic,2024-03-17 23:17:00
44,delete_topic,topic,144,success,Delete topic,2024-03-17 05:32:00
,delete_topic,topic,193,success,Delete topic,2024-03-17 19:22:00
33,delete_topic,topic,144,success,Delete topic,2024-03-17 10:30:00
86,delete_topic,topic,31,success,Delete topic,2024-03-17 04:52:00
,delete_topic,topic,7,success,Delete topic,2024-03-17 11:27:00
80,delete_topic,topic,7,success,Delete topic,2024-03-17 04:23:00
73,post_message,message,8,success,Posted message,2024-03-17 22:26:00
32,post_message,message,14,success,Posted message,2024-03-17 17:20:00
3,post_message,message,72,success,Posted message,2024-03-17 09:14:00
27,post_message,message,69,success,Posted message,2024-03-17 10:48:00
36,post_message,message,108,success,Posted message,2024-03-17 19:23:00
76,post_message,message,68,success,Posted message,2024-03-17 03:16:00
95,post_message,message,81,success,Posted message,2024-03-17 19:26:00
,first_visit,,133,success,First visit,2024-03-18 13:53:00
7,first_visit,,107,success,First visit,2024-03-18 00:55:00
,first_visit,,107,success,First visit,2024-03-18 04:26:00
96,first_visit,,166,success,First visit,2024-03-18 07:58:00
,first_visit,,16,success,First visit,2024-03-18 21:45:00
,first_visit,,184,success,First visit,2024-03-18 05:50:00
90,first_visit,,184,success,First visit,2024-03-18 11:11:00
,first_visit,,61,success,First visit,2024-03-18 23:08:00
,first_visit,,140,success,First visit,2024-03-18 13:07:00
57,first_visit,,105,success,First visit,2024-03-18 19:08:00
,first_visit,,10,success,First visit,2024-03-18 23:37:00
,register,,172,success,User registered,2024-03-18 15:51:00
,register,,198,success,User registered,2024-03-18 08:15:00
,register,,79,success,User registered,2024-03-18 23:48:00
,register,,114,success,User registered,2024-03-18 09:35:00
,register,,12,success,User registered,2024-03-18 16:18:00
,register,,55,success,User registered,2024-03-18 12:00:00
,register,,166,success,User registered,2024-03-18 23:25:00
,register,,110,success,User registered,2024-03-18 12:41:00
,register,,64,success,User registered,2024-03-18 05:05:00
,register,,187,success,User registered,2024-03-18 19:42:00
23,login,,45,success,Login,2024-03-18 07:03:00
18,login,,59,success,Login,2024-03-18 10:43:00
85,login,,51,success,Login,2024-03-18 18:17:00
,login,,158,success,Login,2024-03-18 16:35:00
,login,,72,success,Login,2024-03-18 21:48:00
,login,,195,success,Login,2024-03-18 05:37:00
29,login,,62,success,Login,2024-03-18 00:21:00
,login,,123,success,Login,2024-03-18 19:43:00
63,login,,53,success,Login,2024-03-18 04:47:00
50,login,,159,success,Login,2024-03-18 03:08:00
,login,,164,success,Login,2024-03-18 08:28:00
11,login,,105,success,Login,2024-03-18 00:22:00
,logout,,110,success,Logout,2024-03-18 17:25:00
,logout,,171,success,Logout,2024-03-18 06:23:00
34,logout,,83,success,Logout,2024-03-18 01:25:00
,logout,,106,success,Logout,2024-03-18 09:18:00
63,logout,,85,success,Logout,2024-03-18 16:06:00
,logout,,109,success,Logout,2024-03-18 09:46:00
,logout,,53,success,Logout,2024-03-18 14:49:00
14,logout,,83,success,Logout,2024-03-18 15:44:00
,logout,,108,success,Logout,2024-03-18 17:45:00
8,logout,,132,success,Logout,2024-03-18 18:48:00
,logout,,7,success,Logout,2024-03-18 08:07:00
,logout,,174,success,Logout,2024-03-18 15:07:00
99,logout,,31,success,Logout,2024-03-18 15:30:00
69,create_topic,topic,39,success,Created topic,2024-03-18 23:48:00
51,create_topic,topic,196,success,Created topic,2024-03-18 16:25:00
89,create_topic,topic,105,success,Created topic,2024-03-18 04:23:00
38,create_topic,topic,64,success,Created topic,2024-03-18 10:57:00
42,create_topic,topic,182,success,Created topic,2024-03-18 04:30:00
50,visit_topic,topic,48,success,Visit topic,2024-03-18 17:27:00
,visit_topic,topic,139,success,Visit topic,2024-03-18 10:31:00
,visit_topic,topic,131,success,Visit topic,2024-03-18 19:43:00
,visit_topic,topic,95,success,Visit topic,2024-03-18 18:22:00
69,visit_topic,topic,43,success,Visit topic,2024-03-18 11:29:00
,visit_topic,topic,22,success,Visit topic,2024-03-18 04:57:00
16,visit_topic,topic,40,success,Visit topic,2024-03-18 12:08:00
33,visit_topic,topic,33,success,Visit topic,2024-03-18 04:57:00
91,visit_topic,topic,75,success,Visit topic,2024-03-18 12:42:00
39,visit_topic,topic,114,success,Visit topic,2024-03-18 05:22:00
,visit_topic,topic,29,success,Visit topic,2024-03-18 10:14:00
,delete_topic,topic,124,success,Delete topic,2024-03-18 03:06:00
81,delete_topic,topic,178,success,Delete topic,2024-03-18 15:42:00
,delete_topic,topic,7,success,Delete topic,2024-03-18 11:08:00
,delete_topic,topic,101,success,Delete topic,2024-03-18 03:32:00
57,delete_topic,topic,111,success,Delete topic,2024-03-18 00:35:00
,post_message,message,136,success,Posted message,2024-03-18 22:47:00
17,post_message,message,135,success,Posted message,2024-03-18 01:53:00
100,post_message,message,101,success,Posted message,2024-03-18 00:07:00
30,post_message,message,94,success,Posted message,2024-03-18 15:56:00
89,post_message,message,179,success,Posted message,2024-03-18 10:37:00
50,post_message,message,7,success,Posted message,2024-03-18 22:53:00
20,post_message,message,186,success,Posted message,2024-03-18 22:35:00
90,post_message,message,148,success,Posted message,2024-03-18 14:19:00
46,post_message,message,65,success,Posted message,2024-03-18 23:06:00
33,post_message,message,184,success,Posted message,2024-03-18 21:01:00
50,post_message,message,162,success,Posted message,2024-03-18 04:36:00
92,post_message,message,133,success,Posted message,2024-03-18 13:19:00
,first_visit,,108,success,First visit,2024-03-19 16:36:00
,first_visit,,190,success,First visit,2024-03-19 21:51:00
11,first_visit,,89,success,First visit,2024-03-19 03:17:00
,first_visit,,55,success,First visit,2024-03-19 19:09:00
18,first_visit,,5,success,First visit,2024-03-19 20:31:00
25,first_visit,,65,success,First visit,2024-03-19 17:17:00
72,first_visit,,188,success,First visit,2024-03-19 10:57:00
,first_visit,,44,success,First visit,2024-03-19 02:32:00
,register,,18,success,User registered,2024-03-19 13:26:00
,register,,153,success,User registered,2024-03-19 05:03:00
,register,,27,success,User registered,2024-03-19 06:40:00
,register,,183,success,User registered,2024-03-19 11:31:00
,register,,9,success,User registered,2024-03-19 06:41:00
,register,,165,success,User registered,2024-03-19 12:27:00
,register,,134,success,User registered,2024-03-19 11:40:00
,register,,191,success,User registered,2024-03-19 06:59:00
,register,,8,success,User registered,2024-03-19 07:22:00
,register,,138,success,User registered,2024-03-19 03:32:00
,register,,20,success,User registered,2024-03-19 10:02:00
,register,,91,success,User registered,2024-03-19 04:16:00
,register,,117,success,User registered,2024-03-19 15:53:00
,register,,64,success,User registered,2024-03-19 04:59:00
73,login,,152,success,Login,2024-03-19 07:29:00
,login,,161,success,Login,2024-03-19 17:41:00
,login,,86,success,Login,2024-03-19 08:26:00
,login,,161,success,Login,2024-03-19 16:17:00
,login,,36,success,Login,2024-03-19 01:17:00
96,logout,,103,success,Logout,2024-03-19 22:06:00
83,logout,,181,success,Logout,2024-03-19 13:55:00
24,logout,,167,success,Logout,2024-03-19 12:31:00
5,logout,,189,success,Logout,2024-03-19 08:17:00
,logout,,131,success,Logout,2024-03-19 04:17:00
88,logout,,165,success,Logout,2024-03-19 01:21:00
,logout,,42,success,Logout,2024-03-19 12:11:00
,logout,,108,success,Logout,2024-03-19 07:18:00
,logout,,47,success,Logout,2024-03-19 00:47:00
,logout,,19,success,Logout,2024-03-19 10:37:00
98,create_topic,topic,121,success,Created topic,2024-03-19 00:00:00
41,create_topic,topic,149,success,Created topic,2024-03-19 17:54:00
15,create_topic,topic,56,success,Created topic,2024-03-19 20:17:00
75,create_topic,topic,2,success,Created topic,2024-03-19 20:25:00
4,create_topic,topic,92,success,Created topic,2024-03-19 00:51:00
91,create_topic,topic,77,success,Created topic,2024-03-19 19:18:00
8,create_topic,topic,35,success,Created topic,2024-03-19 13:23:00
85,create_topic,topic,120,success,Created topic,2024-03-19 21:23:00
,visit_topic,topic,182,success,Visit topic,2024-03-19 15:28:00
67,visit_topic,topic,115,success,Visit topic,2024-03-19 20:35:00
,visit_topic,topic,86,success,Visit topic,2024-03-19 15:51:00
62,visit_topic,topic,68,success,Visit topic,2024-03-19 00:11:00
77,visit_topic,topic,60,success,Visit topic,2024-03-19 18:05:00
,visit_topic,topic,12,success,Visit topic,2024-03-19 14:23:00
11,visit_topic,topic,50,success,Visit topic,2024-03-19 12:27:00
,delete_topic,topic,38,success,Delete topic,2024-03-19 15:04:00
47,delete_topic,topic,198,success,Delete topic,2024-03-19 10:17:00
,delete_topic,topic,161,success,Delete topic,2024-03-19 14:19:00
55,delete_topic,topic,104,success,Delete topic,2024-03-19 15:09:00
,delete_topic,topic,49,success,Delete topic,2024-03-19 23:12:00
,delete_topic,topic,34,success,Delete topic,2024-03-19 07:15:00
15,post_message,message,162,success,Posted message,2024-03-19 01:55:00
61,post_message,message,24,success,Posted message,2024-03-19 02:32:00
4,post_message,message,49,success,Posted message,2024-03-19 03:25:00
5,post_message,message,114,success,Posted message,2024-03-19 06:25:00
43,post_message,message,41,success,Posted message,2024-03-19 05:07:00
100,post_message,message,134,success,Posted message,2024-03-19 22:25:00
,first_visit,,104,success,First visit,2024-03-20 13:46:00
,first_visit,,12,success,First visit,2024-03-20 17:56:00
9,first_visit,,88,success,First visit,2024-03-20 00:06:00
,first_visit,,66,success,First visit,2024-03-20 19:37:00
24,first_visit,,28,success,First visit,2024-03-20 16:02:00
40,first_visit,,67,success,First visit,2024-03-20 06:19:00
,first_visit,,192,success,First visit,2024-03-20 18:44:00
,first_visit,,67,success,First visit,2024-03-20 02:43:00
,first_visit,,30,success,First visit,2024-03-20 21:32:00
35,first_visit,,177,success,First visit,2024-03-20 15:00:00
63,first_visit,,69,success,First visit,2024-03-20 03:45:00
10,first_visit,,186,success,First visit,2024-03-20 14:03:00
99,first_visit,,120,success,First visit,2024-03-20 04:48:00
,first_visit,,199,success,First visit,2024-03-20 03:46:00
,register,,42,success,User registered,2024-03-20 07:54:00
,register,,138,success,User registered,2024-03-20 01:13:00
,register,,163,success,User registered,2024-03-20 22:00:00
,register,,190,success,User registered,2024-03-20 03:35:00
,register,,74,success,User registered,2024-03-20 07:45:00
,register,,189,success,User registered,2024-03-20 16:12:00
,register,,188,success,User registered,2024-03-20 22:28:00
,register,,111,success,User registered,2024-03-20 13:37:00
,login,,129,success,Login,2024-03-20 19:48:00
,login,,51,success,Login,2024-03-20 22:59:00
41,login,,41,success,Login,2024-03-20 14:55:00
92,login,,51,success,Login,2024-03-20 03:39:00
,login,,59,success,Login,2024-03-20 13:46:00
,login,,104,success,Login,2024-03-20 18:28:00
,login,,177,success,Login,2024-03-20 08:49:00
,login,,170,success,Login,2024-03-20 01:59:00
,login,,158,success,Login,2024-03-20 02:02:00
96,login,,79,success,Login,2024-03-20 00:11:00
,logout,,48,success,Logout,2024-03-20 02:27:00
5,logout,,196,success,Logout,2024-03-20 20:09:00
92,logout,,36,success,Logout,2024-03-20 06:36:00
18,logout,,27,success,Logout,2024-03-20 04:15:00
48,logout,,193,success,Logout,2024-03-20 20:49:00
33,create_topic,topic,88,success,Created topic,2024-03-20 07:10:00
99,create_topic,topic,32,success,Created topic,2024-03-20 17:22:00
18,create_topic,topic,107,success,Created topic,2024-03-20 12:32:00
25,create_topic,topic,200,success,Created topic,2024-03-20 03:02:00
,create_topic,topic,111,error,Error: not logged in,2024-03-20 09:55:00
45,create_topic,topic,168,success,Created topic,2024-03-20 10:07:00
99,create_topic,topic,196,success,Created topic,2024-03-20 10:44:00
32,visit_topic,topic,56,success,Visit topic,2024-03-20 22:18:00
9,visit_topic,topic,91,success,Visit topic,2024-03-20 11:59:00
,visit_topic,topic,82,success,Visit topic,2024-03-20 19:40:00
79,visit_topic,topic,23,success,Visit topic,2024-03-20 13:56:00
6,visit_topic,topic,88,success,Visit topic,2024-03-20 02:42:00
86,visit_topic,topic,65,success,Visit topic,2024-03-20 10:52:00
15,visit_topic,topic,38,success,Visit topic,2024-03-20 01:03:00
24,visit_topic,topic,59,success,Visit topic,2024-03-20 08:49:00
85,visit_topic,topic,66,success,Visit topic,2024-03-20 06:15:00
,visit_topic,topic,117,success,Visit topic,2024-03-20 08:56:00
,delete_topic,topic,19,success,Delete topic,2024-03-20 09:17:00
,delete_topic,topic,168,success,Delete topic,2024-03-20 19:34:00
6,delete_topic,topic,140,success,Delete topic,2024-03-20 14:57:00
,delete_topic,topic,5,success,Delete topic,2024-03-20 05:33:00
80,delete_topic,topic,184,success,Delete topic,2024-03-20 15:22:00
,delete_topic,topic,88,success,Delete topic,2024-03-20 12:42:00
22,delete_topic,topic,179,success,Delete topic,2024-03-20 11:47:00
90,delete_topic,topic,137,success,Delete topic,2024-03-20 09:31:00
17,delete_topic,topic,30,success,Delete topic,2024-03-20 00:47:00
53,post_message,message,125,success,Posted message,2024-03-20 09:12:00
47,post_message,message,85,success,Posted message,2024-03-20 06:52:00
65,post_message,message,177,success,Posted message,2024-03-20 00:21:00
92,post_message,message,196,success,Posted message,2024-03-20 01:03:00
,post_message,message,173,success,Posted message,2024-03-20 01:46:00
3,post_message,message,78,success,Posted message,2024-03-20 05:13:00
87,post_message,message,171,success,Posted message,2024-03-20 18:01:00
5,post_message,message,9,success,Posted message,2024-03-20 03:41:00
84,post_message,message,186,success,Posted message,2024-03-20 01:26:00
20,post_message,message,109,success,Posted message,2024-03-20 09:16:00
87,post_message,message,44,success,Posted message,2024-03-20 08:43:00
79,post_message,message,96,success,Posted message,2024-03-20 17:05:00
,first_visit,,4,success,First visit,2024-03-21 04:59:00
46,first_visit,,68,success,First visit,2024-03-21 11:58:00
3,first_visit,,38,success,First visit,2024-03-21 00:05:00
47,first_visit,,122,success,First visit,2024-03-21 13:26:00
84,first_visit,,113,success,First visit,2024-03-21 13:33:00
84,first_visit,,168,success,First visit,2024-03-21 20:50:00
,first_visit,,148,success,First visit,2024-03-21 17:28:00
,register,,181,success,User registered,2024-03-21 18:17:00
,register,,160,success,User registered,2024-03-21 04:11:00
,register,,31,success,User registered,2024-03-21 21:39:00
,register,,76,success,User registered,2024-03-21 20:43:00
,register,,141,success,User registered,2024-03-21 20:07:00
,register,,74,success,User registered,2024-03-21 22:47:00
,register,,7,success,User registered,2024-03-21 23:20:00
,register,,133,success,User registered,2024-03-21 17:30:00
,register,,92,success,User registered,2024-03-21 21:05:00
,login,,22,success,Login,2024-03-21 11:53:00
15,login,,44,success,Login,2024-03-21 20:26:00
,login,,90,success,Login,2024-03-21 04:17:00
48,login,,72,success,Login,2024-03-21 21:32:00
,login,,165,success,Login,2024-03-21 04:59:00
19,logout,,77,success,Logout,2024-03-21 06:48:00
58,logout,,170,success,Logout,2024-03-21 21:31:00
41,logout,,193,success,Logout,2024-03-21 06:51:00
92,logout,,110,success,Logout,2024-03-21 12:21:00
,logout,,184,success,Logout,2024-03-21 21:27:00
94,logout,,103,success,Logout,2024-03-21 01:01:00
,logout,,142,success,Logout,2024-03-21 15:47:00
94,logout,,81,success,Logout,2024-03-21 12:52:00
2,logout,,116,success,Logout,2024-03-21 03:40:00
31,logout,,105,success,Logout,2024-03-21 22:22:00
62,logout,,162,success,Logout,2024-03-21 03:52:00
18,logout,,37,success,Logout,2024-03-21 02:04:00
46,logout,,136,success,Logout,2024-03-21 15:09:00
84,logout,,52,success,Logout,2024-03-21 12:01:00
,logout,,5,success,Logout,2024-03-21 21:50:00
40,create_topic,topic,189,success,Created topic,2024-03-21 17:36:00
73,create_topic,topic,16,success,Created topic,2024-03-21 01:36:00
63,create_topic,topic,52,success,Created topic,2024-03-21 01:59:00
76,create_topic,topic,171,success,Created topic,2024-03-21 16:28:00
8,create_topic,topic,19,success,Created topic,2024-03-21 04:26:00
86,create_topic,topic,79,success,Created topic,2024-03-21 18:18:00
52,create_topic,topic,5,success,Created topic,2024-03-21 14:30:00
44,create_topic,topic,32,success,Created topic,2024-03-21 16:20:00
90,visit_topic,topic,1,success,Visit topic,2024-03-21 11:52:00
43,visit_topic,topic,193,success,Visit topic,2024-03-21 13:29:00
,visit_topic,topic,172,success,Visit topic,2024-03-21 08:43:00
96,visit_topic,topic,64,success,Visit topic,2024-03-21 15:27:00
,visit_topic,topic,123,success,Visit topic,2024-03-21 02:49:00
,visit_topic,topic,162,success,Visit topic,2024-03-21 20:09:00
,delete_topic,topic,71,success,Delete topic,2024-03-21 17:28:00
36,delete_topic,topic,196,success,Delete topic,2024-03-21 19:36:00
27,delete_topic,topic,144,success,Delete topic,2024-03-21 13:35:00
83,delete_topic,topic,71,success,Delete topic,2024-03-21 01:32:00
30,delete_topic,topic,87,success,Delete topic,2024-03-21 06:37:00
,delete_topic,topic,6,success,Delete topic,2024-03-21 11:37:00
,delete_topic,topic,171,success,Delete topic,2024-03-21 03:11:00
,delete_topic,topic,92,success,Delete topic,2024-03-21 10:08:00
16,post_message,message,183,success,Posted message,2024-03-21 22:31:00
15,post_message,message,189,success,Posted message,2024-03-21 06:46:00
93,post_message,message,196,success,Posted message,2024-03-21 08:53:00
100,post_message,message,10,success,Posted message,2024-03-21 18:13:00
74,post_message,message,93,success,Posted message,2024-03-21 17:29:00
1,first_visit,,54,success,First visit,2024-03-22 20:39:00
,first_visit,,100,success,First visit,2024-03-22 09:42:00
,first_visit,,146,success,First visit,2024-03-22 14:33:00
,first_visit,,62,success,First visit,2024-03-22 04:31:00
,first_visit,,94,success,First visit,2024-03-22 06:52:00
,first_visit,,197,success,First visit,2024-03-22 01:55:00
,first_visit,,63,success,First visit,2024-03-22 15:49:00
,first_visit,,12,success,First visit,2024-03-22 07:10:00
,first_visit,,195,success,First visit,2024-03-22 03:06:00
32,first_visit,,200,success,First visit,2024-03-22 15:55:00
,first_visit,,159,success,First visit,2024-03-22 23:18:00
91,first_visit,,105,success,First visit,2024-03-22 06:35:00
38,first_visit,,153,success,First visit,2024-03-22 20:36:00
12,first_visit,,2,success,First visit,2024-03-22 13:40:00
,register,,77,success,User registered,2024-03-22 12:58:00
,register,,173,success,User registered,2024-03-22 13:06:00
,register,,28,success,User registered,2024-03-22 09:21:00
,register,,153,success,User registered,2024-03-22 10:47:00
,register,,33,success,User registered,2024-03-22 00:19:00
,register,,120,success,User registered,2024-03-22 19:59:00
,register,,164,success,User registered,2024-03-22 19:59:00
,register,,199,success,User registered,2024-03-22 17:52:00
,register,,74,success,User registered,2024-03-22 01:00:00
,register,,144,success,User registered,2024-03-22 05:01:00
,register,,82,success,User registered,2024-03-22 18:57:00
,register,,86,success,User registered,2024-03-22 10:47:00
12,login,,109,success,Login,2024-03-22 11:30:00
,login,,76,success,Login,2024-03-22 08:43:00
57,login,,64,success,Login,2024-03-22 03:33:00
,login,,42,success,Login,2024-03-22 21:55:00
,login,,22,success,Login,2024-03-22 20:26:00
53,login,,79,success,Login,2024-03-22 20:01:00
,login,,55,success,Login,2024-03-22 08:58:00
13,login,,162,success,Login,2024-03-22 19:59:00
24,login,,47,success,Login,2024-03-22 23:33:00
,login,,55,success,Login,2024-03-22 19:13:00
24,login,,135,success,Login,2024-03-22 20:16:00
,login,,135,success,Login,2024-03-22 13:34:00
43,login,,28,success,Login,2024-03-22 13:27:00
,login,,93,success,Login,2024-03-22 00:36:00
,login,,162,success,Login,2024-03-22 13:56:00
64,logout,,198,success,Logout,2024-03-22 04:17:00
100,logout,,113,success,Logout,2024-03-22 17:04:00
,logout,,102,success,Logout,2024-03-22 23:31:00
2,logout,,95,success,Logout,2024-03-22 08:21:00
,logout,,19,success,Logout,2024-03-22 22:01:00
,logout,,181,success,Logout,2024-03-22 07:11:00
76,logout,,122,success,Logout,2024-03-22 03:52:00
54,create_topic,topic,174,success,Created topic,2024-03-22 12:20:00
22,create_topic,topic,56,success,Created topic,2024-03-22 13:20:00
7,create_topic,topic,81,success,Created topic,2024-03-22 16:17:00
72,create_topic,topic,173,success,Created topic,2024-03-22 03:08:00
35,create_topic,topic,161,success,Created topic,2024-03-22 18:37:00
90,create_topic,topic,119,success,Created topic,2024-03-22 15:02:00
97,create_topic,topic,121,success,Created topic,2024-03-22 02:48:00
58,create_topic,topic,150,success,Created topic,2024-03-22 08:46:00
38,create_topic,topic,154,success,Created topic,2024-03-22 23:12:00
42,create_topic,topic,148,success,Created topic,2024-03-22 17:05:00
24,create_topic,topic,68,success,Created topic,2024-03-22 05:49:00
6,create_topic,topic,129,success,Created topic,2024-03-22 15:03:00
54,create_topic,topic,129,success,Created topic,2024-03-22 06:04:00
58,create_topic,topic,158,success,Created topic,2024-03-22 16:08:00
,visit_topic,topic,23,success,Visit topic,2024-03-22 06:34:00
6,visit_topic,topic,10,success,Visit topic,2024-03-22 23:10:00
,visit_topic,topic,7,success,Visit topic,2024-03-22 00:22:00
92,visit_topic,topic,180,success,Visit topic,2024-03-22 07:13:00
94,visit_topic,topic,83,success,Visit topic,2024-03-22 08:08:00
38,visit_topic,topic,45,success,Visit topic,2024-03-22 07:23:00
,visit_topic,topic,111,success,Visit topic,2024-03-22 18:27:00
71,visit_topic,topic,116,success,Visit topic,2024-03-22 14:48:00
,delete_topic,topic,19,success,Delete topic,2024-03-22 12:46:00
,delete_topic,topic,34,success,Delete topic,2024-03-22 22:08:00
,delete_topic,topic,111,success,Delete topic,2024-03-22 20:06:00
,delete_topic,topic,83,success,Delete topic,2024-03-22 18:19:00
,delete_topic,topic,193,success,Delete topic,2024-03-22 20:30:00
87,delete_topic,topic,23,success,Delete topic,2024-03-22 21:01:00
57,delete_topic,topic,151,success,Delete topic,2024-03-22 11:55:00
90,delete_topic,topic,142,success,Delete topic,2024-03-22 18:47:00
3,delete_topic,topic,95,success,Delete topic,2024-03-22 14:11:00
43,delete_topic,topic,141,success,Delete topic,2024-03-22 08:32:00
81,delete_topic,topic,133,success,Delete topic,2024-03-22 12:55:00
82,delete_topic,topic,5,success,Delete topic,2024-03-22 22:04:00
35,delete_topic,topic,101,success,Delete topic,2024-03-22 23:40:00
,delete_topic,topic,42,success,Delete topic,2024-03-22 05:10:00
25,post_message,message,75,success,Posted message,2024-03-22 08:04:00
64,post_message,message,18,success,Posted message,2024-03-22 11:37:00
42,post_message,message,50,success,Posted message,2024-03-22 04:06:00
99,post_message,message,49,success,Posted message,2024-03-22 23:15:00
89,post_message,message,185,success,Posted message,2024-03-22 17:04:00
13,post_message,message,68,success,Posted message,2024-03-22 19:12:00
30,post_message,message,197,success,Posted message,2024-03-22 14:37:00
21,post_message,message,34,success,Posted message,2024-03-22 18:16:00
29,post_message,message,35,success,Posted message,2024-03-22 15:57:00
96,post_message,message,189,success,Posted message,2024-03-22 05:21:00
89,post_message,message,148,success,Posted message,2024-03-22 18:58:00
28,post_message,message,158,success,Posted message,2024-03-22 08:30:00
52,post_message,message,32,success,Posted message,2024-03-22 03:10:00
82,post_message,message,146,success,Posted message,2024-03-22 18:07:00
,first_visit,,61,success,First visit,2024-03-23 02:33:00
,first_visit,,7,success,First visit,2024-03-23 13:06:00
,first_visit,,156,success,First visit,2024-03-23 20:54:00
,first_visit,,51,success,First visit,2024-03-23 04:16:00
6,first_visit,,55,success,First visit,2024-03-23 17:10:00
88,first_visit,,157,success,First visit,2024-03-23 20:27:00
46,first_visit,,84,success,First visit,2024-03-23 14:52:00
95,first_visit,,118,success,First visit,2024-03-23 21:34:00
8,first_visit,,108,success,First visit,2024-03-23 14:46:00
,first_visit,,198,success,First visit,2024-03-23 02:15:00
100,first_visit,,27,success,First visit,2024-03-23 04:00:00
85,first_visit,,148,success,First visit,2024-03-23 18:48:00
,first_visit,,99,success,First visit,2024-03-23 16:47:00
60,first_visit,,43,success,First visit,2024-03-23 06:33:00
,register,,18,success,User registered,2024-03-23 07:30:00
,register,,76,success,User registered,2024-03-23 09:37:00
,register,,124,success,User registered,2024-03-23 01:39:00
,register,,120,success,User registered,2024-03-23 14:50:00
,register,,185,success,User registered,2024-03-23 17:25:00
,register,,108,success,User registered,2024-03-23 21:16:00
,login,,118,success,Login,2024-03-23 17:07:00
,login,,39,success,Login,2024-03-23 20:51:00
,login,,159,success,Login,2024-03-23 03:45:00
,login,,120,success,Login,2024-03-23 07:57:00
,login,,53,success,Login,2024-03-23 17:10:00
51,login,,129,success,Login,2024-03-23 18:34:00
52,login,,1,success,Login,2024-03-23 01:24:00
92,login,,138,success,Login,2024-03-23 05:58:00
72,login,,115,success,Login,2024-03-23 11:53:00
,login,,28,success,Login,2024-03-23 00:41:00
,login,,104,success,Login,2024-03-23 20:51:00
90,login,,165,success,Login,2024-03-23 10:45:00
,login,,155,success,Login,2024-03-23 20:23:00
11,login,,146,success,Login,2024-03-23 16:13:00
,login,,48,success,Login,2024-03-23 20:21:00
34,logout,,126,success,Logout,2024-03-23 15:26:00
13,logout,,126,success,Logout,2024-03-23 16:15:00
52,logout,,56,success,Logout,2024-03-23 07:06:00
98,logout,,132,success,Logout,2024-03-23 16:12:00
61,logout,,165,success,Logout,2024-03-23 10:02:00
35,logout,,148,success,Logout,2024-03-23 00:18:00
,logout,,27,success,Logout,2024-03-23 13:42:00
30,create_topic,topic,34,success,Created topic,2024-03-23 21:01:00
51,create_topic,topic,102,success,Created topic,2024-03-23 03:28:00
73,create_topic,topic,10,success,Created topic,2024-03-23 22:55:00
88,create_topic,topic,88,success,Created topic,2024-03-23 09:06:00
25,create_topic,topic,192,success,Created topic,2024-03-23 12:43:00
82,create_topic,topic,125,success,Created topic,2024-03-23 05:13:00
77,visit_topic,topic,34,success,Visit topic,2024-03-23 14:47:00
,visit_topic,topic,113,success,Visit topic,2024-03-23 13:51:00
,visit_topic,topic,88,success,Visit topic,2024-03-23 00:59:00
65,visit_topic,topic,134,success,Visit topic,2024-03-23 02:51:00
,visit_topic,topic,195,success,Visit topic,2024-03-23 12:01:00
,visit_topic,topic,58,success,Visit topic,2024-03-23 03:50:00
58,visit_topic,topic,62,success,Visit topic,2024-03-23 11:44:00
75,visit_topic,topic,174,success,Visit topic,2024-03-23 12:44:00
91,visit_topic,topic,73,success,Visit topic,2024-03-23 02:49:00
,delete_topic,topic,39,success,Delete topic,2024-03-23 03:33:00
,delete_topic,topic,149,success,Delete topic,2024-03-23 10:36:00
,delete_topic,topic,108,success,Delete topic,2024-03-23 06:06:00
14,delete_topic,topic,61,success,Delete topic,2024-03-23 17:50:00
,delete_topic,topic,60,success,Delete topic,2024-03-23 14:19:00
,delete_topic,topic,127,success,Delete topic,2024-03-23 08:22:00
,delete_topic,topic,159,success,Delete topic,2024-03-23 21:54:00
,delete_topic,topic,114,success,Delete topic,2024-03-23 10:18:00
,delete_topic,topic,190,success,Delete topic,2024-03-23 22:51:00
68,delete_topic,topic,175,success,Delete topic,2024-03-23 03:01:00
,delete_topic,topic,161,success,Delete topic,2024-03-23 16:02:00
2,delete_topic,topic,88,success,Delete topic,2024-03-23 02:25:00
,delete_topic,topic,192,success,Delete topic,2024-03-23 20:45:00
,delete_topic,topic,22,success,Delete topic,2024-03-23 13:53:00
,delete_topic,topic,166,success,Delete topic,2024-03-23 17:25:00
81,post_message,message,197,success,Posted message,2024-03-23 03:39:00
14,post_message,message,29,success,Posted message,2024-03-23 12:25:00
62,post_message,message,28,success,Posted message,2024-03-23 14:01:00
25,post_message,message,4,success,Posted message,2024-03-23 09:30:00
26,post_message,message,31,success,Posted message,2024-03-23 11:43:00
,first_visit,,34,success,First visit,2024-03-24 00:02:00
,first_visit,,54,success,First visit,2024-03-24 21:30:00
36,first_visit,,9,success,First visit,2024-03-24 11:06:00
41,first_visit,,139,success,First visit,2024-03-24 22:16:00
,first_visit,,185,success,First visit,2024-03-24 03:25:00
14,first_visit,,188,success,First visit,2024-03-24 16:44:00
,first_visit,,106,success,First visit,2024-03-24 04:07:00
,first_visit,,136,success,First visit,2024-03-24 10:57:00
58,first_visit,,89,success,First visit,2024-03-24 16:59:00
,first_visit,,67,success,First visit,2024-03-24 13:43:00
,first_visit,,25,success,First visit,2024-03-24 09:33:00
,first_visit,,153,success,First visit,2024-03-24 11:22:00
,first_visit,,3,success,First visit,2024-03-24 13:19:00
,first_visit,,73,success,First visit,2024-03-24 08:59:00
7,first_visit,,66,success,First visit,2024-03-24 16:14:00
,register,,168,success,User registered,2024-03-24 04:49:00
,register,,48,success,User registered,2024-03-24 05:25:00
,register,,188,success,User registered,2024-03-24 07:16:00
,register,,26,success,User registered,2024-03-24 01:26:00
,register,,150,success,User registered,2024-03-24 06:52:00
,register,,67,success,User registered,2024-03-24 16:54:00
,register,,149,success,User registered,2024-03-24 10:20:00
,register,,21,success,User registered,2024-03-24 06:55:00
42,login,,100,success,Login,2024-03-24 21:53:00
3,login,,141,success,Login,2024-03-24 01:53:00
,login,,155,success,Login,2024-03-24 22:16:00
67,login,,131,success,Login,2024-03-24 05:10:00
,login,,91,success,Login,2024-03-24 05:41:00
63,login,,111,success,Login,2024-03-24 23:16:00
73,login,,66,success,Login,2024-03-24 08:53:00
39,logout,,88,success,Logout,2024-03-24 00:56:00
3,logout,,88,success,Logout,2024-03-24 13:20:00
,logout,,16,success,Logout,2024-03-24 06:05:00
,logout,,44,success,Logout,2024-03-24 22:42:00
97,logout,,44,success,Logout,2024-03-24 00:00:00
26,logout,,200,success,Logout,2024-03-24 00:57:00
47,logout,,2,success,Logout,2024-03-24 23:42:00
73,logout,,112,success,Logout,2024-03-24 21:52:00
82,create_topic,topic,36,success,Created topic,2024-03-24 08:23:00
16,create_topic,topic,136,success,Created topic,2024-03-24 05:57:00
,create_topic,topic,147,error,Error: not logged in,2024-03-24 21:44:00
74,create_topic,topic,113,success,Created topic,2024-03-24 16:12:00
71,create_topic,topic,103,success,Created topic,2024-03-24 18:23:00
,visit_topic,topic,72,success,Visit topic,2024-03-24 11:48:00
,visit_topic,topic,119,success,Visit topic,2024-03-24 08:20:00
66,visit_topic,topic,142,success,Visit topic,2024-03-24 11:02:00
,visit_topic,topic,170,success,Visit topic,2024-03-24 06:06:00
,visit_topic,topic,98,success,Visit topic,2024-03-24 20:01:00
,delete_topic,topic,187,success,Delete topic,2024-03-24 08:41:00
84,delete_topic,topic,18,success,Delete topic,2024-03-24 02:49:00
,delete_topic,topic,173,success,Delete topic,2024-03-24 13:34:00
96,delete_topic,topic,159,success,Delete topic,2024-03-24 11:04:00
38,delete_topic,topic,183,success,Delete topic,2024-03-24 23:39:00
,delete_topic,topic,29,success,Delete topic,2024-03-24 17:45:00
,delete_topic,topic,51,success,Delete topic,2024-03-24 01:10:00
,delete_topic,topic,109,success,Delete topic,2024-03-24 23:02:00
,delete_topic,topic,12,success,Delete topic,2024-03-24 09:21:00
,delete_topic,topic,144,success,Delete topic,2024-03-24 02:26:00
12,delete_topic,topic,158,success,Delete topic,2024-03-24 18:51:00
79,delete_topic,topic,6,success,Delete topic,2024-03-24 21:01:00
60,delete_topic,topic,192,success,Delete topic,2024-03-24 20:14:00
90,post_message,message,55,success,Posted message,2024-03-24 07:07:00
29,post_message,message,29,success,Posted message,2024-03-24 11:01:00
22,post_message,message,198,success,Posted message,2024-03-24 15:00:00
46,post_message,message,148,success,Posted message,2024-03-24 01:15:00
87,post_message,message,124,success,Posted message,2024-03-24 00:19:00
59,post_message,message,166,success,Posted message,2024-03-24 00:33:00
58,post_message,message,73,success,Posted message,2024-03-24 07:05:00
69,post_message,message,112,success,Posted message,2024-03-24 19:34:00
69,post_message,message,1,success,Posted message,2024-03-24 11:19:00
65,first_visit,,72,success,First visit,2024-03-25 15:20:00
49,first_visit,,29,success,First visit,2024-03-25 16:32:00
,first_visit,,142,success,First visit,2024-03-25 10:59:00
78,first_visit,,63,success,First visit,2024-03-25 11:30:00
20,first_visit,,75,success,First visit,2024-03-25 22:57:00
47,first_visit,,135,success,First visit,2024-03-25 01:01:00
,register,,13,success,User registered,2024-03-25 08:06:00
,register,,129,success,User registered,2024-03-25 16:07:00
,register,,117,success,User registered,2024-03-25 23:48:00
,register,,21,success,User registered,2024-03-25 21:09:00
,register,,137,success,User registered,2024-03-25 18:32:00
,register,,49,success,User registered,2024-03-25 02:07:00
,register,,125,success,User registered,2024-03-25 19:57:00
,register,,102,success,User registered,2024-03-25 20:34:00
,register,,160,success,User registered,2024-03-25 05:16:00
,register,,132,success,User registered,2024-03-25 22:23:00
,register,,80,success,User registered,2024-03-25 12:24:00
,register,,135,success,User registered,2024-03-25 06:17:00
,register,,74,success,User registered,2024-03-25 13:34:00
72,login,,19,success,Login,2024-03-25 18:28:00
,login,,143,success,Login,2024-03-25 04:11:00
,login,,148,success,Login,2024-03-25 08:00:00
37,login,,101,success,Login,2024-03-25 13:19:00
46,login,,159,success,Login,2024-03-25 21:28:00
,login,,45,success,Login,2024-03-25 08:40:00
,login,,117,success,Login,2024-03-25 19:57:00
,login,,190,success,Login,2024-03-25 08:57:00
94,login,,53,success,Login,2024-03-25 23:15:00
,login,,21,success,Login,2024-03-25 00:18:00
77,login,,149,success,Login,2024-03-25 18:50:00
,login,,194,success,Login,2024-03-25 08:10:00
,login,,144,success,Login,2024-03-25 14:37:00
,login,,192,success,Login,2024-03-25 12:35:00
10,logout,,154,success,Logout,2024-03-25 03:14:00
64,logout,,20,success,Logout,2024-03-25 19:35:00
68,logout,,84,success,Logout,2024-03-25 14:24:00
,logout,,198,success,Logout,2024-03-25 14:40:00
51,logout,,88,success,Logout,2024-03-25 09:37:00
93,logout,,127,success,Logout,2024-03-25 05:57:00
67,create_topic,topic,11,success,Created topic,2024-03-25 01:46:00
65,create_topic,topic,127,success,Created topic,2024-03-25 21:38:00
32,create_topic,topic,6,success,Created topic,2024-03-25 13:03:00
50,create_topic,topic,163,success,Created topic,2024-03-25 07:14:00
98,create_topic,topic,37,success,Created topic,2024-03-25 06:56:00
33,create_topic,topic,23,success,Created topic,2024-03-25 22:16:00
60,create_topic,topic,72,success,Created topic,2024-03-25 00:09:00
37,create_topic,topic,37,success,Created topic,2024-03-25 03:20:00
31,create_topic,topic,80,success,Created topic,2024-03-25 10:37:00
,visit_topic,topic,157,success,Visit topic,2024-03-25 17:06:00
7,visit_topic,topic,30,success,Visit topic,2024-03-25 18:55:00
66,visit_topic,topic,103,success,Visit topic,2024-03-25 02:59:00
42,visit_topic,topic,108,success,Visit topic,2024-03-25 17:29:00
,visit_topic,topic,67,success,Visit topic,2024-03-25 11:37:00
,visit_topic,topic,175,success,Visit topic,2024-03-25 09:59:00
,visit_topic,topic,107,success,Visit topic,2024-03-25 06:24:00
54,visit_topic,topic,187,success,Visit topic,2024-03-25 11:04:00
99,visit_topic,topic,46,success,Visit topic,2024-03-25 17:07:00
9,visit_topic,topic,172,success,Visit topic,2024-03-25 16:21:00
59,visit_topic,topic,127,success,Visit topic,2024-03-25 12:56:00
,visit_topic,topic,200,success,Visit topic,2024-03-25 17:37:00
,visit_topic,topic,97,success,Visit topic,2024-03-25 03:38:00
,delete_topic,topic,125,success,Delete topic,2024-03-25 13:22:00
,delete_topic,topic,36,success,Delete topic,2024-03-25 16:19:00
,delete_topic,topic,93,success,Delete topic,2024-03-25 16:28:00
,delete_topic,topic,24,success,Delete topic,2024-03-25 18:48:00
100,delete_topic,topic,194,success,Delete topic,2024-03-25 10:34:00
65,delete_topic,topic,47,success,Delete topic,2024-03-25 18:26:00
85,delete_topic,topic,87,success,Delete topic,2024-03-25 13:09:00
,delete_topic,topic,14,success,Delete topic,2024-03-25 12:47:00
,delete_topic,topic,12,success,Delete topic,2024-03-25 19:22:00
,delete_topic,topic,22,success,Delete topic,2024-03-25 10:42:00
26,delete_topic,topic,72,success,Delete topic,2024-03-25 16:49:00
18,delete_topic,topic,11,success,Delete topic,2024-03-25 06:03:00
37,delete_topic,topic,123,success,Delete topic,2024-03-25 16:42:00
71,post_message,message,148,success,Posted message,2024-03-25 02:35:00
62,post_message,message,172,success,Posted message,2024-03-25 16:51:00
91,post_message,message,90,success,Posted message,2024-03-25 18:38:00
19,post_message,message,56,success,Posted message,2024-03-25 13:12:00
38,post_message,message,197,success,Posted message,2024-03-25 09:38:00
70,post_message,message,6,success,Posted message,2024-03-25 08:43:00
41,post_message,message,85,success,Posted message,2024-03-25 22:47:00
43,post_message,message,4,success,Posted message,2024-03-25 17:02:00
52,post_message,message,66,success,Posted message,2024-03-25 12:09:00
93,post_message,message,28,success,Posted message,2024-03-25 01:34:00
43,post_message,message,66,success,Posted message,2024-03-25 21:12:00
94,post_message,message,105,success,Posted message,2024-03-25 19:42:00
29,first_visit,,59,success,First visit,2024-03-26 07:27:00
82,first_visit,,59,success,First visit,2024-03-26 18:23:00
,first_visit,,60,success,First visit,2024-03-26 20:37:00
,first_visit,,151,success,First visit,2024-03-26 13:30:00
38,first_visit,,187,success,First visit,2024-03-26 21:34:00
17,first_visit,,8,success,First visit,2024-03-26 08:22:00
,first_visit,,45,success,First visit,2024-03-26 12:16:00
52,first_visit,,179,success,First visit,2024-03-26 23:13:00
,first_visit,,18,success,First visit,2024-03-26 15:38:00
,first_visit,,141,success,First visit,2024-03-26 23:04:00
,first_visit,,100,success,First visit,2024-03-26 06:50:00
,register,,94,success,User registered,2024-03-26 01:51:00
,register,,73,success,User registered,2024-03-26 03:02:00
,register,,90,success,User registered,2024-03-26 17:53:00
,register,,31,success,User registered,2024-03-26 13:28:00
,register,,72,success,User registered,2024-03-26 14:39:00
,register,,174,success,User registered,2024-03-26 18:16:00
,register,,153,success,User registered,2024-03-26 06:29:00
,register,,154,success,User registered,2024-03-26 07:29:00
,register,,32,success,User registered,2024-03-26 20:10:00
37,login,,169,success,Login,2024-03-26 05:43:00
45,login,,100,success,Login,2024-03-26 18:52:00
32,login,,123,success,Login,2024-03-26 08:16:00
89,login,,11,success,Login,2024-03-26 23:12:00
21,login,,149,success,Login,2024-03-26 01:24:00
42,login,,165,success,Login,2024-03-26 22:54:00
54,login,,139,success,Login,2024-03-26 07:31:00
,login,,119,success,Login,2024-03-26 02:41:00
,login,,182,success,Login,2024-03-26 19:54:00
,login,,145,success,Login,2024-03-26 02:52:00
,login,,83,success,Login,2024-03-26 13:33:00
,login,,91,success,Login,2024-03-26 23:27:00
51,login,,95,success,Login,2024-03-26 08:10:00
97,login,,29,success,Login,2024-03-26 04:02:00
30,login,,125,success,Login,2024-03-26 12:30:00
47,logout,,4,success,Logout,2024-03-26 04:49:00
94,logout,,154,success,Logout,2024-03-26 10:12:00
43,logout,,27,success,Logout,2024-03-26 03:04:00
20,logout,,102,success,Logout,2024-03-26 20:03:00
,logout,,193,success,Logout,2024-03-26 14:57:00
30,create_topic,topic,168,success,Created topic,2024-03-26 16:44:00
35,create_topic,topic,170,success,Created topic,2024-03-26 20:09:00
31,create_topic,topic,23,success,Created topic,2024-03-26 14:29:00
8,create_topic,topic,155,success,Created topic,2024-03-26 19:46:00
94,create_topic,topic,46,success,Created topic,2024-03-26 01:45:00
59,create_topic,topic,145,success,Created topic,2024-03-26 21:09:00
24,create_topic,topic,11,success,Created topic,2024-03-26 07:28:00
30,create_topic,topic,123,success,Created topic,2024-03-26 18:43:00
57,create_topic,topic,53,success,Created topic,2024-03-26 01:18:00
19,create_topic,topic,6,success,Created topic,2024-03-26 08:07:00
76,create_topic,topic,21,success,Created topic,2024-03-26 16:40:00
39,create_topic,topic,64,success,Created topic,2024-03-26 10:31:00
,visit_topic,topic,182,success,Visit topic,2024-03-26 05:27:00
96,visit_topic,topic,136,success,Visit topic,2024-03-26 21:43:00
25,visit_topic,topic,17,success,Visit topic,2024-03-26 04:59:00
82,visit_topic,topic,78,success,Visit topic,2024-03-26 23:56:00
68,visit_topic,topic,19,success,Visit topic,2024-03-26 14:16:00
,visit_topic,topic,192,success,Visit topic,2024-03-26 12:17:00
12,visit_topic,topic,73,success,Visit topic,2024-03-26 20:12:00
41,visit_topic,topic,169,success,Visit topic,2024-03-26 08:33:00
7,visit_topic,topic,27,success,Visit topic,2024-03-26 01:30:00
,visit_topic,topic,137,success,Visit topic,2024-03-26 09:25:00
,visit_topic,topic,7,success,Visit topic,2024-03-26 21:21:00
,visit_topic,topic,175,success,Visit topic,2024-03-26 11:15:00
25,delete_topic,topic,171,success,Delete topic,2024-03-26 15:16:00
87,delete_topic,topic,10,success,Delete topic,2024-03-26 23:33:00
,delete_topic,topic,108,success,Delete topic,2024-03-26 11:06:00
1,delete_topic,topic,111,success,Delete topic,2024-03-26 14:38:00
,delete_topic,topic,186,success,Delete topic,2024-03-26 21:59:00
,delete_topic,topic,157,success,Delete topic,2024-03-26 23:16:00
,delete_topic,topic,62,success,Delete topic,2024-03-26 00:24:00
81,delete_topic,topic,174,success,Delete topic,2024-03-26 10:13:00
44,post_message,message,90,success,Posted message,2024-03-26 00:01:00
38,post_message,message,18,success,Posted message,2024-03-26 01:33:00
66,post_message,message,16,success,Posted message,2024-03-26 20:40:00
48,post_message,message,126,success,Posted message,2024-03-26 12:28:00
47,post_message,message,178,success,Posted message,2024-03-26 07:36:00
41,post_message,message,172,success,Posted message,2024-03-26 19:50:00
15,post_message,message,135,success,Posted message,2024-03-26 15:09:00
36,post_message,message,198,success,Posted message,2024-03-26 04:13:00
4,post_message,message,89,success,Posted message,2024-03-26 04:18:00
13,post_message,message,123,success,Posted message,2024-03-26 06:25:00
49,post_message,message,176,success,Posted message,2024-03-26 10:15:00
70,post_message,message,190,success,Posted message,2024-03-26 06:51:00
,first_visit,,2,success,First visit,2024-03-27 01:41:00
20,first_visit,,87,success,First visit,2024-03-27 00:47:00
63,first_visit,,184,success,First visit,2024-03-27 03:06:00
,first_visit,,155,success,First visit,2024-03-27 05:06:00
29,first_visit,,23,success,First visit,2024-03-27 13:15:00
75,first_visit,,103,success,First visit,2024-03-27 09:02:00
,first_visit,,84,success,First visit,2024-03-27 18:43:00
,first_visit,,130,success,First visit,2024-03-27 08:24:00
53,first_visit,,47,success,First visit,2024-03-27 01:33:00
,first_visit,,125,success,First visit,2024-03-27 09:36:00
61,first_visit,,80,success,First visit,2024-03-27 09:25:00
,first_visit,,177,success,First visit,2024-03-27 07:24:00
,first_visit,,67,success,First visit,2024-03-27 02:10:00
,register,,186,success,User registered,2024-03-27 18:54:00
,register,,49,success,User registered,2024-03-27 03:50:00
,register,,135,success,User registered,2024-03-27 17:43:00
,register,,95,success,User registered,2024-03-27 00:15:00
,register,,45,success,User registered,2024-03-27 11:26:00
,register,,75,success,User registered,2024-03-27 12:49:00
,register,,132,success,User registered,2024-03-27 01:09:00
,register,,130,success,User registered,2024-03-27 04:27:00
,register,,169,success,User registered,2024-03-27 05:01:00
,register,,175,success,User registered,2024-03-27 17:33:00
,register,,101,success,User registered,2024-03-27 12:56:00
,register,,67,success,User registered,2024-03-27 21:35:00
,register,,19,success,User registered,2024-03-27 19:17:00
,login,,172,success,Login,2024-03-27 23:49:00
48,login,,174,success,Login,2024-03-27 17:35:00
13,login,,100,success,Login,2024-03-27 10:02:00
,login,,61,success,Login,2024-03-27 17:32:00
,login,,188,success,Login,2024-03-27 15:21:00
3,login,,45,success,Login,2024-03-27 00:39:00
17,login,,22,success,Login,2024-03-27 12:57:00
79,login,,179,success,Login,2024-03-27 10:49:00
4,login,,159,success,Login,2024-03-27 19:33:00
7,logout,,92,success,Logout,2024-03-27 00:27:00
,logout,,163,success,Logout,2024-03-27 20:18:00
,logout,,90,success,Logout,2024-03-27 12:44:00
,logout,,158,success,Logout,2024-03-27 14:40:00
,logout,,69,success,Logout,2024-03-27 05:17:00
56,logout,,29,success,Logout,2024-03-27 14:00:00
47,logout,,51,success,Logout,2024-03-27 02:05:00
,logout,,2,success,Logout,2024-03-27 18:05:00
61,logout,,8,success,Logout,2024-03-27 09:06:00
17,logout,,16,success,Logout,2024-03-27 17:47:00
12,logout,,67,success,Logout,2024-03-27 01:12:00
,logout,,87,success,Logout,2024-03-27 13:02:00
72,logout,,40,success,Logout,2024-03-27 16:42:00
56,logout,,110,success,Logout,2024-03-27 19:33:00
,logout,,119,success,Logout,2024-03-27 04:45:00
29,create_topic,topic,63,success,Created topic,2024-03-27 15:43:00
20,create_topic,topic,61,success,Created topic,2024-03-27 03:22:00
73,create_topic,topic,109,success,Created topic,2024-03-27 13:38:00
39,create_topic,topic,190,success,Created topic,2024-03-27 10:17:00
10,create_topic,topic,178,success,Created topic,2024-03-27 18:26:00
39,create_topic,topic,8,success,Created topic,2024-03-27 06:01:00
,visit_topic,topic,110,success,Visit topic,2024-03-27 15:31:00
50,visit_topic,topic,122,success,Visit topic,2024-03-27 14:42:00
,visit_topic,topic,157,success,Visit topic,2024-03-27 01:52:00
,visit_topic,topic,19,success,Visit topic,2024-03-27 23:22:00
,visit_topic,topic,63,success,Visit topic,2024-03-27 09:41:00
,delete_topic,topic,164,success,Delete topic,2024-03-27 04:37:00
72,delete_topic,topic,45,success,Delete topic,2024-03-27 19:13:00
,delete_topic,topic,142,success,Delete topic,2024-03-27 01:57:00
,delete_topic,topic,191,success,Delete topic,2024-03-27 13:59:00
77,delete_topic,topic,14,success,Delete topic,2024-03-27 08:55:00
,delete_topic,topic,183,success,Delete topic,2024-03-27 14:14:00
40,delete_topic,topic,130,success,Delete topic,2024-03-27 19:54:00
62,delete_topic,topic,17,success,Delete topic,2024-03-27 05:00:00
32,delete_topic,topic,126,success,Delete topic,2024-03-27 21:58:00
,delete_topic,topic,178,success,Delete topic,2024-03-27 07:32:00
73,delete_topic,topic,131,success,Delete topic,2024-03-27 07:49:00
,delete_topic,topic,183,success,Delete topic,2024-03-27 19:56:00
96,post_message,message,158,success,Posted message,2024-03-27 03:42:00
45,post_message,message,129,success,Posted message,2024-03-27 03:02:00
53,post_message,message,142,success,Posted message,2024-03-27 17:56:00
18,post_message,message,87,success,Posted message,2024-03-27 04:07:00
6,post_message,message,137,success,Posted message,2024-03-27 18:19:00
57,post_message,message,110,success,Posted message,2024-03-27 06:23:00
14,post_message,message,21,success,Posted message,2024-03-27 07:41:00
35,post_message,message,180,success,Posted message,2024-03-27 13:17:00
59,post_message,message,16,success,Posted message,2024-03-27 11:08:00
47,post_message,message,35,success,Posted message,2024-03-27 05:57:00
4,post_message,message,22,success,Posted message,2024-03-27 03:07:00
37,post_message,message,170,success,Posted message,2024-03-27 20:22:00
28,post_message,message,55,success,Posted message,2024-03-27 10:37:00
73,post_message,message,116,success,Posted message,2024-03-27 15:34:00
49,post_message,message,97,success,Posted message,2024-03-27 11:13:00
,first_visit,,196,success,First visit,2024-03-28 20:33:00
22,first_visit,,177,success,First visit,2024-03-28 08:32:00
,first_visit,,193,success,First visit,2024-03-28 09:49:00
,first_visit,,122,success,First visit,2024-03-28 04:21:00
15,first_visit,,115,success,First visit,2024-03-28 16:40:00
2,first_visit,,95,success,First visit,2024-03-28 22:41:00
,first_visit,,3,success,First visit,2024-03-28 12:41:00
,first_visit,,178,success,First visit,2024-03-28 20:43:00
,first_visit,,52,success,First visit,2024-03-28 02:11:00
,first_visit,,180,success,First visit,2024-03-28 19:36:00
,first_visit,,3,success,First visit,2024-03-28 11:16:00
,first_visit,,30,success,First visit,2024-03-28 02:07:00
,register,,16,success,User registered,2024-03-28 17:04:00
,register,,99,success,User registered,2024-03-28 15:12:00
,register,,160,success,User registered,2024-03-28 10:30:00
,register,,5,success,User registered,2024-03-28 17:51:00
,register,,85,success,User registered,2024-03-28 02:30:00
,register,,40,success,User registered,2024-03-28 20:11:00
,login,,29,success,Login,2024-03-28 14:26:00
82,login,,92,success,Login,2024-03-28 05:47:00
15,login,,93,success,Login,2024-03-28 04:03:00
88,login,,16,success,Login,2024-03-28 10:51:00
,login,,148,success,Login,2024-03-28 15:08:00
39,login,,154,success,Login,2024-03-28 19:43:00
,login,,49,success,Login,2024-03-28 13:28:00
,login,,133,success,Login,2024-03-28 00:20:00
67,logout,,136,success,Logout,2024-03-28 13:40:00
9,logout,,200,success,Logout,2024-03-28 05:24:00
1,logout,,169,success,Logout,2024-03-28 01:31:00
48,logout,,112,success,Logout,2024-03-28 11:53:00
86,logout,,193,success,Logout,2024-03-28 10:52:00
18,logout,,61,success,Logout,2024-03-28 23:08:00
39,logout,,199,success,Logout,2024-03-28 18:50:00
18,logout,,66,success,Logout,2024-03-28 15:50:00
,logout,,170,success,Logout,2024-03-28 22:53:00
84,logout,,81,success,Logout,2024-03-28 08:44:00
,logout,,163,success,Logout,2024-03-28 00:54:00
69,create_topic,topic,114,success,Created topic,2024-03-28 19:38:00
59,create_topic,topic,103,success,Created topic,2024-03-28 11:06:00
53,create_topic,topic,105,success,Created topic,2024-03-28 10:47:00
72,create_topic,topic,67,success,Created topic,2024-03-28 11:16:00
21,create_topic,topic,41,success,Created topic,2024-03-28 08:10:00
93,create_topic,topic,59,success,Created topic,2024-03-28 07:34:00
92,visit_topic,topic,128,success,Visit topic,2024-03-28 13:54:00
47,visit_topic,topic,121,success,Visit topic,2024-03-28 17:07:00
,visit_topic,topic,165,success,Visit topic,2024-03-28 22:12:00
23,visit_topic,topic,195,success,Visit topic,2024-03-28 20:11:00
,visit_topic,topic,117,success,Visit topic,2024-03-28 13:14:00
,visit_topic,topic,108,success,Visit topic,2024-03-28 10:57:00
64,visit_topic,topic,22,success,Visit topic,2024-03-28 12:08:00
,visit_topic,topic,147,success,Visit topic,2024-03-28 11:23:00
,visit_topic,topic,179,success,Visit topic,2024-03-28 15:52:00
,visit_topic,topic,115,success,Visit topic,2024-03-28 01:28:00
,delete_topic,topic,168,success,Delete topic,2024-03-28 03:35:00
,delete_topic,topic,3,success,Delete topic,2024-03-28 07:12:00
33,delete_topic,topic,178,success,Delete topic,2024-03-28 08:59:00
96,delete_topic,topic,64,success,Delete topic,2024-03-28 00:39:00
35,delete_topic,topic,47,success,Delete topic,2024-03-28 00:28:00
,delete_topic,topic,150,success,Delete topic,2024-03-28 06:01:00
,delete_topic,topic,102,success,Delete topic,2024-03-28 02:01:00
78,delete_topic,topic,200,success,Delete topic,2024-03-28 03:45:00
81,delete_topic,topic,152,success,Delete topic,2024-03-28 00:26:00
92,delete_topic,topic,96,success,Delete topic,2024-03-28 10:04:00
94,delete_topic,topic,173,success,Delete topic,2024-03-28 21:18:00
,delete_topic,topic,14,success,Delete topic,2024-03-28 14:36:00
7,delete_topic,topic,164,success,Delete topic,2024-03-28 01:53:00
,delete_topic,topic,147,success,Delete topic,2024-03-28 06:11:00
69,post_message,message,73,success,Posted message,2024-03-28 19:24:00
34,post_message,message,51,success,Posted message,2024-03-28 16:10:00
2,post_message,message,163,success,Posted message,2024-03-28 15:52:00
33,post_message,message,168,success,Posted message,2024-03-28 07:02:00
1,post_message,message,80,success,Posted message,2024-03-28 03:25:00
3,post_message,message,130,success,Posted message,2024-03-28 02:23:00
71,post_message,message,170,success,Posted message,2024-03-28 13:45:00
11,post_message,message,44,success,Posted message,2024-03-28 20:34:00
10,post_message,message,121,success,Posted message,2024-03-28 08:39:00
82,post_message,message,148,success,Posted message,2024-03-28 22:04:00
,first_visit,,127,success,First visit,2024-03-29 11:02:00
39,first_visit,,112,success,First visit,2024-03-29 14:51:00
72,first_visit,,4,success,First visit,2024-03-29 10:45:00
,first_visit,,172,success,First visit,2024-03-29 09:11:00
,first_visit,,157,success,First visit,2024-03-29 12:28:00
17,first_visit,,162,success,First visit,2024-03-29 18:32:00
,register,,183,success,User registered,2024-03-29 22:14:00
,register,,91,success,User registered,2024-03-29 16:18:00
,register,,164,success,User registered,2024-03-29 12:17:00
,register,,104,success,User registered,2024-03-29 00:28:00
,register,,4,success,User registered,2024-03-29 15:00:00
,register,,35,success,User registered,2024-03-29 15:45:00
,register,,193,success,User registered,2024-03-29 14:45:00
,register,,5,success,User registered,2024-03-29 16:48:00
,login,,148,success,Login,2024-03-29 17:22:00
,login,,26,success,Login,2024-03-29 01:47:00
52,login,,74,success,Login,2024-03-29 16:30:00
,login,,113,success,Login,2024-03-29 04:19:00
,login,,48,success,Login,2024-03-29 20:44:00
56,logout,,118,success,Logout,2024-03-29 20:48:00
,logout,,28,success,Logout,2024-03-29 09:24:00
,logout,,147,success,Logout,2024-03-29 20:10:00
46,logout,,57,success,Logout,2024-03-29 07:51:00
39,logout,,199,success,Logout,2024-03-29 23:30:00
65,create_topic,topic,12,success,Created topic,2024-03-29 13:05:00
24,create_topic,topic,74,success,Created topic,2024-03-29 08:38:00
24,create_topic,topic,90,success,Created topic,2024-03-29 19:17:00
26,create_topic,topic,91,success,Created topic,2024-03-29 21:22:00
11,create_topic,topic,114,success,Created topic,2024-03-29 08:56:00
19,create_topic,topic,96,success,Created topic,2024-03-29 18:28:00
18,create_topic,topic,43,success,Created topic,2024-03-29 01:07:00
58,create_topic,topic,185,success,Created topic,2024-03-29 23:47:00
,visit_topic,topic,40,success,Visit topic,2024-03-29 21:58:00
,visit_topic,topic,42,success,Visit topic,2024-03-29 15:11:00
,visit_topic,topic,195,success,Visit topic,2024-03-29 00:46:00
81,visit_topic,topic,127,success,Visit topic,2024-03-29 08:30:00
18,visit_topic,topic,74,success,Visit topic,2024-03-29 20:07:00
,visit_topic,topic,10,success,Visit topic,2024-03-29 00:11:00
74,visit_topic,topic,188,success,Visit topic,2024-03-29 13:56:00
30,visit_topic,topic,149,success,Visit topic,2024-03-29 17:24:00
,visit_topic,topic,68,success,Visit topic,2024-03-29 15:30:00
,visit_topic,topic,73,success,Visit topic,2024-03-29 09:37:00
36,visit_topic,topic,171,success,Visit topic,2024-03-29 13:49:00
,visit_topic,topic,171,success,Visit topic,2024-03-29 01:31:00
49,visit_topic,topic,14,success,Visit topic,2024-03-29 05:46:00
50,delete_topic,topic,163,success,Delete topic,2024-03-29 13:20:00
,delete_topic,topic,96,success,Delete topic,2024-03-29 19:05:00
87,delete_topic,topic,52,success,Delete topic,2024-03-29 17:09:00
,delete_topic,topic,4,success,Delete topic,2024-03-29 19:02:00
18,delete_topic,topic,114,success,Delete topic,2024-03-29 12:20:00
88,delete_topic,topic,102,success,Delete topic,2024-03-29 07:53:00
,delete_topic,topic,28,success,Delete topic,2024-03-29 22:58:00
45,delete_topic,topic,159,success,Delete topic,2024-03-29 07:41:00
77,delete_topic,topic,2,success,Delete topic,2024-03-29 13:24:00
,delete_topic,topic,166,success,Delete topic,2024-03-29 08:53:00
59,delete_topic,topic,192,success,Delete topic,2024-03-29 11:15:00
,delete_topic,topic,8,success,Delete topic,2024-03-29 23:35:00
,delete_topic,topic,37,success,Delete topic,2024-03-29 17:57:00
65,post_message,message,130,success,Posted message,2024-03-29 22:21:00
97,post_message,message,116,success,Posted message,2024-03-29 16:09:00
72,post_message,message,52,success,Posted message,2024-03-29 15:53:00
13,post_message,message,81,success,Posted message,2024-03-29 13:10:00
23,post_message,message,48,success,Posted message,2024-03-29 10:28:00
55,post_message,message,175,success,Posted message,2024-03-29 10:11:00
66,post_message,message,199,success,Posted message,2024-03-29 21:42:00
96,post_message,message,28,success,Posted message,2024-03-29 07:07:00
27,first_visit,,22,success,First visit,2024-03-30 16:18:00
90,first_visit,,97,success,First visit,2024-03-30 16:11:00
,first_visit,,1,success,First visit,2024-03-30 03:52:00
,first_visit,,44,success,First visit,2024-03-30 15:16:00
,first_visit,,158,success,First visit,2024-03-30 14:28:00
50,first_visit,,179,success,First visit,2024-03-30 01:40:00
72,first_visit,,47,success,First visit,2024-03-30 09:49:00
76,first_visit,,33,success,First visit,2024-03-30 10:07:00
76,first_visit,,87,success,First visit,2024-03-30 21:07:00
75,first_visit,,160,success,First visit,2024-03-30 08:04:00
,first_visit,,73,success,First visit,2024-03-30 03:20:00
66,first_visit,,11,success,First visit,2024-03-30 19:33:00
,register,,188,success,User registered,2024-03-30 10:29:00
,register,,89,success,User registered,2024-03-30 11:29:00
,register,,1,success,User registered,2024-03-30 06:00:00
,register,,129,success,User registered,2024-03-30 13:06:00
,register,,8,success,User registered,2024-03-30 03:46:00
,register,,163,success,User registered,2024-03-30 18:51:00
,register,,92,success,User registered,2024-03-30 03:57:00
,register,,147,success,User registered,2024-03-30 05:30:00
,register,,1,success,User registered,2024-03-30 19:04:00
,register,,174,success,User registered,2024-03-30 03:17:00
,register,,109,success,User registered,2024-03-30 14:51:00
,register,,176,success,User registered,2024-03-30 00:25:00
25,login,,33,success,Login,2024-03-30 18:29:00
80,login,,160,success,Login,2024-03-30 01:20:00
50,login,,78,success,Login,2024-03-30 09:11:00
98,login,,65,success,Login,2024-03-30 01:05:00
,login,,63,success,Login,2024-03-30 16:22:00
72,login,,94,success,Login,2024-03-30 03:14:00
,login,,147,success,Login,2024-03-30 06:28:00
,login,,137,success,Login,2024-03-30 05:47:00
,logout,,165,success,Logout,2024-03-30 00:23:00
94,logout,,1,success,Logout,2024-03-30 08:11:00
12,logout,,161,success,Logout,2024-03-30 20:32:00
,logout,,51,success,Logout,2024-03-30 10:37:00
,logout,,162,success,Logout,2024-03-30 22:38:00
49,logout,,16,success,Logout,2024-03-30 02:51:00
,logout,,47,success,Logout,2024-03-30 15:50:00
,logout,,160,success,Logout,2024-03-30 22:41:00
2,logout,,40,success,Logout,2024-03-30 14:18:00
76,logout,,48,success,Logout,2024-03-30 13:19:00
,create_topic,topic,101,error,Error: not logged in,2024-03-30 21:53:00
37,create_topic,topic,29,success,Created topic,2024-03-30 02:32:00
18,create_topic,topic,24,success,Created topic,2024-03-30 18:25:00
26,create_topic,topic,112,success,Created topic,2024-03-30 05:15:00
2,create_topic,topic,77,success,Created topic,2024-03-30 13:17:00
72,create_topic,topic,111,success,Created topic,2024-03-30 12:33:00
33,create_topic,topic,27,success,Created topic,2024-03-30 17:41:00
,visit_topic,topic,39,success,Visit topic,2024-03-30 02:45:00
,visit_topic,topic,128,success,Visit topic,2024-03-30 12:07:00
19,visit_topic,topic,119,success,Visit topic,2024-03-30 21:54:00
24,visit_topic,topic,32,success,Visit topic,2024-03-30 07:10:00
7,visit_topic,topic,10,success,Visit topic,2024-03-30 00:37:00
63,visit_topic,topic,110,success,Visit topic,2024-03-30 14:54:00
89,delete_topic,topic,67,success,Delete topic,2024-03-30 16:16:00
92,delete_topic,topic,120,success,Delete topic,2024-03-30 10:55:00
,delete_topic,topic,45,success,Delete topic,2024-03-30 14:02:00
64,delete_topic,topic,99,success,Delete topic,2024-03-30 22:32:00
,delete_topic,topic,75,success,Delete topic,2024-03-30 10:34:00
35,post_message,message,44,success,Posted message,2024-03-30 21:40:00
81,post_message,message,124,success,Posted message,2024-03-30 00:16:00
61,post_message,message,48,success,Posted message,2024-03-30 03:42:00
42,post_message,message,120,success,Posted message,2024-03-30 02:58:00
74,post_message,message,153,success,Posted message,2024-03-30 01:14:00
59,post_message,message,154,success,Posted message,2024-03-30 18:02:00
41,first_visit,,147,success,First visit,2024-03-31 03:24:00
,first_visit,,182,success,First visit,2024-03-31 02:21:00
79,first_visit,,149,success,First visit,2024-03-31 11:30:00
11,first_visit,,200,success,First visit,2024-03-31 13:10:00
34,first_visit,,26,success,First visit,2024-03-31 03:32:00
64,first_visit,,123,success,First visit,2024-03-31 17:36:00
,first_visit,,38,success,First visit,2024-03-31 04:20:00
,first_visit,,159,success,First visit,2024-03-31 21:07:00
62,first_visit,,88,success,First visit,2024-03-31 12:40:00
6,first_visit,,187,success,First visit,2024-03-31 06:14:00
80,first_visit,,13,success,First visit,2024-03-31 22:25:00
93,first_visit,,12,success,First visit,2024-03-31 17:28:00
,first_visit,,145,success,First visit,2024-03-31 11:49:00
,register,,145,success,User registered,2024-03-31 12:09:00
,register,,14,success,User registered,2024-03-31 12:43:00
,register,,171,success,User registered,2024-03-31 01:33:00
,register,,166,success,User registered,2024-03-31 11:07:00
,register,,26,success,User registered,2024-03-31 07:12:00
,register,,58,success,User registered,2024-03-31 19:56:00
,register,,106,success,User registered,2024-03-31 09:24:00
,register,,123,success,User registered,2024-03-31 15:20:00
,register,,181,success,User registered,2024-03-31 17:40:00
3,login,,70,success,Login,2024-03-31 18:51:00
,login,,139,success,Login,2024-03-31 13:43:00
33,login,,113,success,Login,2024-03-31 16:46:00
41,login,,118,success,Login,2024-03-31 13:24:00
,login,,17,success,Login,2024-03-31 06:04:00
,login,,116,success,Login,2024-03-31 19:53:00
,login,,83,success,Login,2024-03-31 03:45:00
71,login,,124,success,Login,2024-03-31 02:20:00
82,login,,132,success,Login,2024-03-31 17:36:00
8,login,,148,success,Login,2024-03-31 19:42:00
,login,,38,success,Login,2024-03-31 01:27:00
,logout,,32,success,Logout,2024-03-31 06:03:00
42,logout,,192,success,Logout,2024-03-31 18:12:00
20,logout,,64,success,Logout,2024-03-31 06:17:00
42,logout,,13,success,Logout,2024-03-31 14:57:00
,logout,,63,success,Logout,2024-03-31 13:14:00
59,logout,,61,success,Logout,2024-03-31 17:41:00
,logout,,182,success,Logout,2024-03-31 03:25:00
,logout,,188,success,Logout,2024-03-31 02:51:00
29,create_topic,topic,56,success,Created topic,2024-03-31 11:34:00
,create_topic,topic,147,error,Error: not logged in,2024-03-31 13:10:00
66,create_topic,topic,188,success,Created topic,2024-03-31 06:39:00
72,create_topic,topic,139,success,Created topic,2024-03-31 12:21:00
36,create_topic,topic,149,success,Created topic,2024-03-31 10:17:00
88,create_topic,topic,116,success,Created topic,2024-03-31 04:11:00
99,create_topic,topic,118,success,Created topic,2024-03-31 05:58:00
79,create_topic,topic,26,success,Created topic,2024-03-31 23:47:00
48,create_topic,topic,53,success,Created topic,2024-03-31 03:27:00
2,create_topic,topic,119,success,Created topic,2024-03-31 19:44:00
59,create_topic,topic,31,success,Created topic,2024-03-31 00:34:00
44,create_topic,topic,73,success,Created topic,2024-03-31 01:54:00
50,create_topic,topic,108,success,Created topic,2024-03-31 07:45:00
45,create_topic,topic,105,success,Created topic,2024-03-31 15:14:00
,visit_topic,topic,87,success,Visit topic,2024-03-31 07:58:00
,visit_topic,topic,157,success,Visit topic,2024-03-31 15:49:00
51,visit_topic,topic,25,success,Visit topic,2024-03-31 22:50:00
,visit_topic,topic,2,success,Visit topic,2024-03-31 18:47:00
,visit_topic,topic,154,success,Visit topic,2024-03-31 01:45:00
66,visit_topic,topic,80,success,Visit topic,2024-03-31 03:22:00
19,visit_topic,topic,172,success,Visit topic,2024-03-31 08:09:00
8,visit_topic,topic,138,success,Visit topic,2024-03-31 11:04:00
,visit_topic,topic,8,success,Visit topic,2024-03-31 08:13:00
,visit_topic,topic,49,success,Visit topic,2024-03-31 15:29:00
,visit_topic,topic,57,success,Visit topic,2024-03-31 06:58:00
82,visit_topic,topic,116,success,Visit topic,2024-03-31 07:53:00
56,visit_topic,topic,128,success,Visit topic,2024-03-31 21:48:00
9,visit_topic,topic,21,success,Visit topic,2024-03-31 08:57:00
48,visit_topic,topic,37,success,Visit topic,2024-03-31 14:49:00
49,delete_topic,topic,200,success,Delete topic,2024-03-31 13:10:00
9,delete_topic,topic,196,success,Delete topic,2024-03-31 12:22:00
,delete_topic,topic,38,success,Delete topic,2024-03-31 09:26:00
,delete_topic,topic,96,success,Delete topic,2024-03-31 14:58:00
93,delete_topic,topic,61,success,Delete topic,2024-03-31 17:08:00
55,delete_topic,topic,2,success,Delete topic,2024-03-31 13:07:00
53,delete_topic,topic,65,success,Delete topic,2024-03-31 13:32:00
1,delete_topic,topic,31,success,Delete topic,2024-03-31 06:16:00
89,delete_topic,topic,29,success,Delete topic,2024-03-31 13:45:00
36,delete_topic,topic,27,success,Delete topic,2024-03-31 23:53:00
,delete_topic,topic,117,success,Delete topic,2024-03-31 00:55:00
59,post_message,message,79,success,Posted message,2024-03-31 07:58:00
97,post_message,message,140,success,Posted message,2024-03-31 00:57:00
99,post_message,message,39,success,Posted message,2024-03-31 05:01:00
78,post_message,message,85,success,Posted message,2024-03-31 18:41:00
95,post_message,message,134,success,Posted message,2024-03-31 23:59:00
54,post_message,message,130,success,Posted message,2024-03-31 03:52:00
22,post_message,message,103,success,Posted message,2024-03-31 20:04:00
45,post_message,message,121,success,Posted message,2024-03-31 05:47:00
5,post_message,message,135,success,Posted message,2024-03-31 16:33:00
